creature_id,display_name,body,trait,attribute_main,attribute_sub,cost,attack,hp,speed,weird,rarity,power_score,ability_name,ability_text
"001-001","双爺","爺","爺","知","知","3","2","6","1","4","Common","8.3","老獪知恵袋","老獪：後攻なら、このクリーチャーは体力+1。 / 知恵袋：倒されたとき、カードを1枚引く。"
"001-002","爺番長","番長","爺","武","知","4","4","6","3","3","Common","8.8","老獪舎弟呼び","老獪：後攻なら、このクリーチャーは体力+1。 / 舎弟呼び：召喚時、攻撃1/体力1の舎弟を1体出す。"
"001-003","爺忍者","忍者","爺","影","知","4","4","4","5","4","Rare","9.9","老獪熟練","老獪：後攻なら、このクリーチャーは体力+1。 / 影分け：速度が相手以上なら、受けるダメージ-1。 / 熟練：後攻時、反撃できる。"
"001-004","爺受験","受験","爺","学","知","4","2","7","2","7","Common","9.4","老獪試験場","老獪：後攻なら、このクリーチャーは体力+1。 / 試験場：ターン終了時、手札が2枚以下なら奇怪+1。"
"001-005","爺宿題","宿題","爺","学","知","4","1","7","2","6","Common","7.5","老獪未提出","老獪：後攻なら、このクリーチャーは体力+1。 / 未提出：場に残るほど強くなる。自分のターン開始時、体力+1。"
"001-006","爺校長","校長","爺","知","知","4","2","8","2","5","Common","9","老獪朝礼台","老獪：後攻なら、このクリーチャーは体力+1。 / 朝礼台：味方全体の体力+1。ただしこのクリーチャーは速度-1。"
"001-007","爺コブシ","コブシ","爺","武","知","5","6","5","2","3","Rare","8.2","老獪熟練","老獪：後攻なら、このクリーチャーは体力+1。 / 打撃体：攻撃時、正面の敵に追加1ダメージ。 / 熟練：後攻時、反撃できる。"
"001-008","爺牙","牙","爺","武","知","5","6","4","3","3","Rare","8","老獪熟練","老獪：後攻なら、このクリーチャーは体力+1。 / 鋭牙：このクリーチャーがダメージを与えた敵は回復できない。 / 熟練：後攻時、反撃できる。"
"001-009","爺雷","雷","爺","雷","知","5","5","4","5","5","Common","9","老獪帯電体","老獪：後攻なら、このクリーチャーは体力+1。 / 帯電体：攻撃を受けたとき、攻撃した相手に1ダメージ。"
"001-010","爺猫","猫","爺","獣","知","4","3","4","6","4","Common","8.7","老獪俊敏","老獪：後攻なら、このクリーチャーは体力+1。 / 俊敏：最初に受ける攻撃ダメージを1減らす。"
"001-011","爺犬","犬","爺","獣","知","4","3","6","4","2","Common","7.7","老獪かばう","老獪：後攻なら、このクリーチャーは体力+1。 / かばう：隣の味方が受ける最初のダメージを1肩代わりする。"
"001-012","爺鬼","鬼","爺","怪","知","6","7","6","2","6","Rare","10.5","老獪熟練","老獪：後攻なら、このクリーチャーは体力+1。 / 金棒乱舞：攻撃時、隣の敵にも1ダメージ。 / 熟練：後攻時、反撃できる。"
"001-013","爺幽霊","幽霊","爺","影","知","4","2","4","3","8","Super Rare","7.9","老獪未練","老獪：後攻なら、このクリーチャーは体力+1。 / 未練：倒されたとき、奇怪が4以上なら手札に戻る。"
"001-014","爺魔王","魔王","爺","闇","知","5","6","7","2","6","Rare","11.5","老獪玉座","老獪：後攻なら、このクリーチャーは体力+1。 / 玉座：場にいる味方1体につき攻撃+1。"
"001-015","爺呪い","呪い","爺","影","知","4","1","5","2","9","Super Rare","7.6","老獪返り呪","老獪：後攻なら、このクリーチャーは体力+1。 / 返り呪：倒されたとき、倒した相手に2ダメージ。"
"001-016","爺饅頭","饅頭","爺","食","知","4","2","8","2","4","Common","8.3","老獪あんこ壁","老獪：後攻なら、このクリーチャーは体力+1。 / あんこ壁：このクリーチャーが受ける最初のダメージを2減らす。"
"001-017","爺鍋","鍋","爺","食","知","4","2","7","2","5","Common","8","老獪鉄鍋","老獪：後攻なら、このクリーチャーは体力+1。 / 鉄鍋：受ける攻撃ダメージを1減らす。"
"001-018","爺鍵","鍵","爺","知","知","4","2","5","3","6","Common","8.7","老獪鍵穴体","老獪：後攻なら、このクリーチャーは体力+1。 / 鍵穴体：このクリーチャーは一度だけ別の上の句と再合成できる。"
"001-019","爺透明","透明","爺","影","知","5","3","4","6","8","Super Rare","9.5","老獪見えない本体","老獪：後攻なら、このクリーチャーは体力+1。 / 見えない本体：攻撃されるたび、相手は奇怪判定に失敗すると攻撃を外す。"
"001-020","爺暴走","暴走","爺","怪","知","6","6","5","5","7","Common","10.6","老獪暴走体","老獪：後攻なら、このクリーチャーは体力+1。 / 暴走体：毎ターン必ず攻撃する。攻撃できない場合、自分に2ダメージ。"
"002-001","番長爺","爺","番長","知","武","4","3","5","1","5","Common","7.2","威圧知恵袋","威圧：召喚時、正面の敵の速度-1。 / 知恵袋：倒されたとき、カードを1枚引く。"
"002-002","大番長","番長","番長","武","武","5","5","5","3","4","Rare","8.5","威圧校内抗争","威圧：召喚時、正面の敵の速度-1。 / 舎弟呼び：召喚時、攻撃1/体力1の舎弟を1体出す。 / 校内抗争：召喚時、敵1体の速度-1。"
"002-003","番長忍者","忍者","番長","影","武","5","4","3","7","4","Common","7.7","威圧影分け","威圧：召喚時、正面の敵の速度-1。 / 影分け：速度が相手以上なら、受けるダメージ-1。"
"002-004","番長受験","受験","番長","学","武","4","3","6","2","7","Common","9.6","威圧試験場","威圧：召喚時、正面の敵の速度-1。 / 試験場：ターン終了時、手札が2枚以下なら奇怪+1。"
"002-005","番長宿題","宿題","番長","学","武","4","2","6","2","6","Common","7.7","威圧未提出","威圧：召喚時、正面の敵の速度-1。 / 未提出：場に残るほど強くなる。自分のターン開始時、体力+1。"
"002-006","番長校長","校長","番長","知","武","4","3","7","2","5","Common","9.2","威圧朝礼台","威圧：召喚時、正面の敵の速度-1。 / 朝礼台：味方全体の体力+1。ただしこのクリーチャーは速度-1。"
"002-007","番長コブシ","コブシ","番長","武","武","4","6","4","3","3","Common","9.2","威圧打撃体","威圧：召喚時、正面の敵の速度-1。 / 打撃体：攻撃時、正面の敵に追加1ダメージ。"
"002-008","番長牙","牙","番長","武","武","5","6","3","5","3","Common","7.8","威圧鋭牙","威圧：召喚時、正面の敵の速度-1。 / 鋭牙：このクリーチャーがダメージを与えた敵は回復できない。"
"002-009","番長雷","雷","番長","雷","武","5","6","3","6","5","Common","10","威圧帯電体","威圧：召喚時、正面の敵の速度-1。 / 帯電体：攻撃を受けたとき、攻撃した相手に1ダメージ。"
"002-010","番長猫","猫","番長","獣","武","5","4","3","7","4","Common","7.7","威圧俊敏","威圧：召喚時、正面の敵の速度-1。 / 俊敏：最初に受ける攻撃ダメージを1減らす。"
"002-011","番長犬","犬","番長","獣","武","4","4","5","5","2","Common","8.7","威圧かばう","威圧：召喚時、正面の敵の速度-1。 / かばう：隣の味方が受ける最初のダメージを1肩代わりする。"
"002-012","番長鬼","鬼","番長","怪","武","5","7","5","3","6","Rare","11.5","威圧金棒乱舞","威圧：召喚時、正面の敵の速度-1。 / 金棒乱舞：攻撃時、隣の敵にも1ダメージ。"
"002-013","番長幽霊","幽霊","番長","影","武","4","3","3","4","8","Super Rare","8.9","威圧未練","威圧：召喚時、正面の敵の速度-1。 / 未練：倒されたとき、奇怪が4以上なら手札に戻る。"
"002-014","番長魔王","魔王","番長","闇","武","6","7","6","3","6","Rare","10.5","威圧玉座","威圧：召喚時、正面の敵の速度-1。 / 玉座：場にいる味方1体につき攻撃+1。"
"002-015","番長呪い","呪い","番長","影","武","4","2","4","2","9","Super Rare","7.8","威圧返り呪","威圧：召喚時、正面の敵の速度-1。 / 返り呪：倒されたとき、倒した相手に2ダメージ。"
"002-016","番長饅頭","饅頭","番長","食","武","4","3","7","2","4","Common","8.5","威圧あんこ壁","威圧：召喚時、正面の敵の速度-1。 / あんこ壁：このクリーチャーが受ける最初のダメージを2減らす。"
"002-017","番長鍋","鍋","番長","食","武","4","3","6","2","5","Common","8.2","威圧鉄鍋","威圧：召喚時、正面の敵の速度-1。 / 鉄鍋：受ける攻撃ダメージを1減らす。"
"002-018","番長鍵","鍵","番長","知","武","4","3","4","4","6","Common","9.7","威圧鍵穴体","威圧：召喚時、正面の敵の速度-1。 / 鍵穴体：このクリーチャーは一度だけ別の上の句と再合成できる。"
"002-019","番長透明","透明","番長","影","武","5","4","3","7","8","Super Rare","10.5","威圧見えない本体","威圧：召喚時、正面の敵の速度-1。 / 見えない本体：攻撃されるたび、相手は奇怪判定に失敗すると攻撃を外す。"
"002-020","番長暴走","暴走","番長","怪","武","6","7","4","6","7","Common","11.6","威圧暴走体","威圧：召喚時、正面の敵の速度-1。 / 暴走体：毎ターン必ず攻撃する。攻撃できない場合、自分に2ダメージ。"
"003-001","忍者爺","爺","忍者","知","影","4","3","4","3","4","Common","7.9","忍び足知恵袋","忍び足：最初の攻撃時、相手は反撃できない。 / 知恵袋：倒されたとき、カードを1枚引く。"
"003-002","忍者番長","番長","忍者","武","影","4","5","4","5","3","Common","10.4","忍び足舎弟呼び","忍び足：最初の攻撃時、相手は反撃できない。 / 舎弟呼び：召喚時、攻撃1/体力1の舎弟を1体出す。"
"003-003","忍者忍者","忍者","忍者","影","影","4","4","2","8","3","Common","9.6","忍び足影分け","忍び足：最初の攻撃時、相手は反撃できない。 / 影分け：速度が相手以上なら、受けるダメージ-1。"
"003-004","忍者受験","受験","忍者","学","影","4","3","5","4","6","Common","10.3","忍び足試験場","忍び足：最初の攻撃時、相手は反撃できない。 / 試験場：ターン終了時、手札が2枚以下なら奇怪+1。"
"003-005","忍者宿題","宿題","忍者","学","影","4","2","5","4","5","Common","8.4","忍び足未提出","忍び足：最初の攻撃時、相手は反撃できない。 / 未提出：場に残るほど強くなる。自分のターン開始時、体力+1。"
"003-006","忍者校長","校長","忍者","知","影","4","3","6","4","4","Common","9.9","忍び足朝礼台","忍び足：最初の攻撃時、相手は反撃できない。 / 朝礼台：味方全体の体力+1。ただしこのクリーチャーは速度-1。"
"003-007","忍者コブシ","コブシ","忍者","武","影","4","6","3","5","2","Common","9.9","忍び足打撃体","忍び足：最初の攻撃時、相手は反撃できない。 / 打撃体：攻撃時、正面の敵に追加1ダメージ。"
"003-008","忍者牙","牙","忍者","武","影","4","6","2","7","2","Common","10.5","忍び足鋭牙","忍び足：最初の攻撃時、相手は反撃できない。 / 鋭牙：このクリーチャーがダメージを与えた敵は回復できない。"
"003-009","忍者雷","雷","忍者","雷","影","5","6","2","8","4","Common","10.7","忍び足帯電体","忍び足：最初の攻撃時、相手は反撃できない。 / 帯電体：攻撃を受けたとき、攻撃した相手に1ダメージ。"
"003-010","忍者猫","猫","忍者","獣","影","4","4","2","9","3","Common","10.4","忍び足俊敏","忍び足：最初の攻撃時、相手は反撃できない。 / 俊敏：最初に受ける攻撃ダメージを1減らす。"
"003-011","忍者犬","犬","忍者","獣","影","4","4","4","7","1","Common","9.4","忍び足かばう","忍び足：最初の攻撃時、相手は反撃できない。 / かばう：隣の味方が受ける最初のダメージを1肩代わりする。"
"003-012","忍者鬼","鬼","忍者","怪","影","5","7","4","5","5","Rare","12.2","忍び足金棒乱舞","忍び足：最初の攻撃時、相手は反撃できない。 / 金棒乱舞：攻撃時、隣の敵にも1ダメージ。"
"003-013","忍者幽霊","幽霊","忍者","影","影","4","3","2","6","7","Common","9.6","忍び足未練","忍び足：最初の攻撃時、相手は反撃できない。 / 未練：倒されたとき、奇怪が4以上なら手札に戻る。"
"003-014","忍者魔王","魔王","忍者","闇","影","6","7","5","5","5","Rare","11.2","忍び足玉座","忍び足：最初の攻撃時、相手は反撃できない。 / 玉座：場にいる味方1体につき攻撃+1。"
"003-015","忍者呪い","呪い","忍者","影","影","4","2","3","4","8","Super Rare","8.5","忍び足返り呪","忍び足：最初の攻撃時、相手は反撃できない。 / 返り呪：倒されたとき、倒した相手に2ダメージ。"
"003-016","忍者饅頭","饅頭","忍者","食","影","4","3","6","4","3","Common","9.2","忍び足あんこ壁","忍び足：最初の攻撃時、相手は反撃できない。 / あんこ壁：このクリーチャーが受ける最初のダメージを2減らす。"
"003-017","忍者鍋","鍋","忍者","食","影","4","3","5","4","4","Common","8.9","忍び足鉄鍋","忍び足：最初の攻撃時、相手は反撃できない。 / 鉄鍋：受ける攻撃ダメージを1減らす。"
"003-018","忍者鍵","鍵","忍者","知","影","4","3","3","6","5","Common","10.4","忍び足鍵穴体","忍び足：最初の攻撃時、相手は反撃できない。 / 鍵穴体：このクリーチャーは一度だけ別の上の句と再合成できる。"
"003-019","忍者透明","透明","忍者","影","影","5","4","2","9","7","Rare","11.2","忍び足見えない本体","忍び足：最初の攻撃時、相手は反撃できない。 / 見えない本体：攻撃されるたび、相手は奇怪判定に失敗すると攻撃を外す。"
"003-020","忍者暴走","暴走","忍者","怪","影","6","7","3","8","6","Common","12.3","忍び足暴走体","忍び足：最初の攻撃時、相手は反撃できない。 / 暴走体：毎ターン必ず攻撃する。攻撃できない場合、自分に2ダメージ。"
"004-001","受験爺","爺","受験","知","学","4","2","5","1","6","Common","6.7","詰め込み知恵袋","詰め込み：召喚時、山札の上から2枚を見て1枚を上に戻す。 / 知恵袋：倒されたとき、カードを1枚引く。"
"004-002","受験番長","番長","受験","武","学","5","4","5","2","6","Rare","7.9","詰め込み校内抗争","詰め込み：召喚時、山札の上から2枚を見て1枚を上に戻す。 / 舎弟呼び：召喚時、攻撃1/体力1の舎弟を1体出す。 / 校内抗争：召喚時、敵1体の速度-1。"
"004-003","受験忍者","忍者","受験","影","学","4","3","3","5","6","Common","8.3","詰め込み影分け","詰め込み：召喚時、山札の上から2枚を見て1枚を上に戻す。 / 影分け：速度が相手以上なら、受けるダメージ-1。"
"004-004","無限受験","受験","受験","学","学","5","2","6","1","9","Super Rare","7.8","詰め込み抽象怪異","詰め込み：召喚時、山札の上から2枚を見て1枚を上に戻す。 / 試験場：ターン終了時、手札が2枚以下なら奇怪+1。 / 抽象怪異：直接攻撃されにくい。"
"004-005","受験宿題","宿題","受験","学","学","4","1","6","2","8","Super Rare","8.7","詰め込み抽象怪異","詰め込み：召喚時、山札の上から2枚を見て1枚を上に戻す。 / 未提出：場に残るほど強くなる。自分のターン開始時、体力+1。 / 抽象怪異：直接攻撃されにくい。"
"004-006","受験校長","校長","受験","知","学","4","2","7","2","6","Common","8.7","詰め込み朝礼台","詰め込み：召喚時、山札の上から2枚を見て1枚を上に戻す。 / 朝礼台：味方全体の体力+1。ただしこのクリーチャーは速度-1。"
"004-007","受験コブシ","コブシ","受験","武","学","4","5","4","2","4","Common","7.9","詰め込み打撃体","詰め込み：召喚時、山札の上から2枚を見て1枚を上に戻す。 / 打撃体：攻撃時、正面の敵に追加1ダメージ。"
"004-008","受験牙","牙","受験","武","学","4","5","3","4","4","Common","8.5","詰め込み鋭牙","詰め込み：召喚時、山札の上から2枚を見て1枚を上に戻す。 / 鋭牙：このクリーチャーがダメージを与えた敵は回復できない。"
"004-009","受験雷","雷","受験","雷","学","5","5","3","5","6","Common","8.7","詰め込み帯電体","詰め込み：召喚時、山札の上から2枚を見て1枚を上に戻す。 / 帯電体：攻撃を受けたとき、攻撃した相手に1ダメージ。"
"004-010","受験猫","猫","受験","獣","学","4","3","3","6","5","Common","8.4","詰め込み俊敏","詰め込み：召喚時、山札の上から2枚を見て1枚を上に戻す。 / 俊敏：最初に受ける攻撃ダメージを1減らす。"
"004-011","受験犬","犬","受験","獣","学","4","3","5","4","3","Common","7.4","詰め込みかばう","詰め込み：召喚時、山札の上から2枚を見て1枚を上に戻す。 / かばう：隣の味方が受ける最初のダメージを1肩代わりする。"
"004-012","受験鬼","鬼","受験","怪","学","5","6","5","2","7","Rare","10.2","詰め込み金棒乱舞","詰め込み：召喚時、山札の上から2枚を見て1枚を上に戻す。 / 金棒乱舞：攻撃時、隣の敵にも1ダメージ。"
"004-013","受験幽霊","幽霊","受験","影","学","4","2","3","3","9","Super Rare","8.4","詰め込み抽象怪異","詰め込み：召喚時、山札の上から2枚を見て1枚を上に戻す。 / 未練：倒されたとき、奇怪が4以上なら手札に戻る。 / 抽象怪異：直接攻撃されにくい。"
"004-014","受験魔王","魔王","受験","闇","学","5","6","6","2","7","Rare","11.2","詰め込み玉座","詰め込み：召喚時、山札の上から2枚を見て1枚を上に戻す。 / 玉座：場にいる味方1体につき攻撃+1。"
"004-015","受験呪い","呪い","受験","影","学","4","1","4","2","9","Super Rare","7.4","詰め込み抽象怪異","詰め込み：召喚時、山札の上から2枚を見て1枚を上に戻す。 / 返り呪：倒されたとき、倒した相手に2ダメージ。 / 抽象怪異：直接攻撃されにくい。"
"004-016","受験饅頭","饅頭","受験","食","学","4","2","7","2","5","Common","8","詰め込みあんこ壁","詰め込み：召喚時、山札の上から2枚を見て1枚を上に戻す。 / あんこ壁：このクリーチャーが受ける最初のダメージを2減らす。"
"004-017","受験鍋","鍋","受験","食","学","4","2","6","2","6","Common","7.7","詰め込み鉄鍋","詰め込み：召喚時、山札の上から2枚を見て1枚を上に戻す。 / 鉄鍋：受ける攻撃ダメージを1減らす。"
"004-018","受験鍵","鍵","受験","知","学","4","2","4","3","7","Common","8.4","詰め込み鍵穴体","詰め込み：召喚時、山札の上から2枚を見て1枚を上に戻す。 / 鍵穴体：このクリーチャーは一度だけ別の上の句と再合成できる。"
"004-019","受験透明","透明","受験","影","学","5","3","3","6","9","Super Rare","9.2","詰め込み見えない本体","詰め込み：召喚時、山札の上から2枚を見て1枚を上に戻す。 / 見えない本体：攻撃されるたび、相手は奇怪判定に失敗すると攻撃を外す。"
"004-020","受験暴走","暴走","受験","怪","学","6","6","4","5","8","Super Rare","10.3","詰め込み暴走体","詰め込み：召喚時、山札の上から2枚を見て1枚を上に戻す。 / 暴走体：毎ターン必ず攻撃する。攻撃できない場合、自分に2ダメージ。"
"005-001","宿題爺","爺","宿題","知","学","4","1","7","1","5","Common","6.8","先延ばし知恵袋","先延ばし：このターンに受ける最初のダメージを1遅らせる。 / 知恵袋：倒されたとき、カードを1枚引く。"
"005-002","宿題番長","番長","宿題","武","学","5","3","7","2","5","Rare","8","先延ばし校内抗争","先延ばし：このターンに受ける最初のダメージを1遅らせる。 / 舎弟呼び：召喚時、攻撃1/体力1の舎弟を1体出す。 / 校内抗争：召喚時、敵1体の速度-1。"
"005-003","宿題忍者","忍者","宿題","影","学","4","2","5","5","5","Common","8.4","先延ばし影分け","先延ばし：このターンに受ける最初のダメージを1遅らせる。 / 影分け：速度が相手以上なら、受けるダメージ-1。"
"005-004","宿題受験","受験","宿題","学","学","5","1","8","1","9","Super Rare","8.6","先延ばし抽象怪異","先延ばし：このターンに受ける最初のダメージを1遅らせる。 / 試験場：ターン終了時、手札が2枚以下なら奇怪+1。 / 抽象怪異：直接攻撃されにくい。"
"005-005","宿題宿題","宿題","宿題","学","学","4","1","8","1","7","Rare","9.2","先延ばし抽象怪異","先延ばし：このターンに受ける最初のダメージを1遅らせる。 / 未提出：場に残るほど強くなる。自分のターン開始時、体力+1。 / 抽象怪異：直接攻撃されにくい。"
"005-006","宿題校長","校長","宿題","知","学","4","1","9","2","5","Common","8.8","先延ばし朝礼台","先延ばし：このターンに受ける最初のダメージを1遅らせる。 / 朝礼台：味方全体の体力+1。ただしこのクリーチャーは速度-1。"
"005-007","宿題コブシ","コブシ","宿題","武","学","4","4","6","2","3","Common","8","先延ばし打撃体","先延ばし：このターンに受ける最初のダメージを1遅らせる。 / 打撃体：攻撃時、正面の敵に追加1ダメージ。"
"005-008","宿題牙","牙","宿題","武","学","4","4","5","4","3","Common","8.6","先延ばし鋭牙","先延ばし：このターンに受ける最初のダメージを1遅らせる。 / 鋭牙：このクリーチャーがダメージを与えた敵は回復できない。"
"005-009","宿題雷","雷","宿題","雷","学","5","4","5","5","5","Common","8.8","先延ばし帯電体","先延ばし：このターンに受ける最初のダメージを1遅らせる。 / 帯電体：攻撃を受けたとき、攻撃した相手に1ダメージ。"
"005-010","宿題猫","猫","宿題","獣","学","4","2","5","6","4","Common","8.5","先延ばし俊敏","先延ばし：このターンに受ける最初のダメージを1遅らせる。 / 俊敏：最初に受ける攻撃ダメージを1減らす。"
"005-011","宿題犬","犬","宿題","獣","学","4","2","7","4","2","Common","7.5","先延ばしかばう","先延ばし：このターンに受ける最初のダメージを1遅らせる。 / かばう：隣の味方が受ける最初のダメージを1肩代わりする。"
"005-012","宿題鬼","鬼","宿題","怪","学","5","5","7","2","6","Rare","10.3","先延ばし金棒乱舞","先延ばし：このターンに受ける最初のダメージを1遅らせる。 / 金棒乱舞：攻撃時、隣の敵にも1ダメージ。"
"005-013","宿題幽霊","幽霊","宿題","影","学","4","1","5","3","9","Super Rare","9.2","先延ばし抽象怪異","先延ばし：このターンに受ける最初のダメージを1遅らせる。 / 未練：倒されたとき、奇怪が4以上なら手札に戻る。 / 抽象怪異：直接攻撃されにくい。"
"005-014","宿題魔王","魔王","宿題","闇","学","5","5","8","2","6","Rare","11.3","先延ばし玉座","先延ばし：このターンに受ける最初のダメージを1遅らせる。 / 玉座：場にいる味方1体につき攻撃+1。"
"005-015","宿題呪い","呪い","宿題","影","学","4","1","6","2","9","Super Rare","9.4","先延ばし抽象怪異","先延ばし：このターンに受ける最初のダメージを1遅らせる。 / 返り呪：倒されたとき、倒した相手に2ダメージ。 / 抽象怪異：直接攻撃されにくい。"
"005-016","宿題饅頭","饅頭","宿題","食","学","4","1","9","2","4","Common","8.1","先延ばしあんこ壁","先延ばし：このターンに受ける最初のダメージを1遅らせる。 / あんこ壁：このクリーチャーが受ける最初のダメージを2減らす。"
"005-017","宿題鍋","鍋","宿題","食","学","4","1","8","2","5","Common","7.8","先延ばし鉄鍋","先延ばし：このターンに受ける最初のダメージを1遅らせる。 / 鉄鍋：受ける攻撃ダメージを1減らす。"
"005-018","宿題鍵","鍵","宿題","知","学","4","1","6","3","6","Common","8.5","先延ばし鍵穴体","先延ばし：このターンに受ける最初のダメージを1遅らせる。 / 鍵穴体：このクリーチャーは一度だけ別の上の句と再合成できる。"
"005-019","宿題透明","透明","宿題","影","学","5","2","5","6","8","Super Rare","9.3","先延ばし見えない本体","先延ばし：このターンに受ける最初のダメージを1遅らせる。 / 見えない本体：攻撃されるたび、相手は奇怪判定に失敗すると攻撃を外す。"
"005-020","宿題暴走","暴走","宿題","怪","学","6","5","6","5","7","Common","10.4","先延ばし暴走体","先延ばし：このターンに受ける最初のダメージを1遅らせる。 / 暴走体：毎ターン必ず攻撃する。攻撃できない場合、自分に2ダメージ。"
"006-001","校長爺","爺","校長","知","知","4","2","6","1","5","Common","7","長話知恵袋","長話：相手の次の攻撃クリーチャーの速度-1。 / 知恵袋：倒されたとき、カードを1枚引く。"
"006-002","校長番長","番長","校長","武","知","5","4","6","2","5","Rare","8.2","長話校内抗争","長話：相手の次の攻撃クリーチャーの速度-1。 / 舎弟呼び：召喚時、攻撃1/体力1の舎弟を1体出す。 / 校内抗争：召喚時、敵1体の速度-1。"
"006-003","校長忍者","忍者","校長","影","知","4","3","4","5","5","Common","8.6","長話影分け","長話：相手の次の攻撃クリーチャーの速度-1。 / 影分け：速度が相手以上なら、受けるダメージ-1。"
"006-004","校長受験","受験","校長","学","知","4","2","7","1","8","Super Rare","9.3","長話試験場","長話：相手の次の攻撃クリーチャーの速度-1。 / 試験場：ターン終了時、手札が2枚以下なら奇怪+1。"
"006-005","校長宿題","宿題","校長","学","知","4","1","7","1","7","Common","7.4","長話未提出","長話：相手の次の攻撃クリーチャーの速度-1。 / 未提出：場に残るほど強くなる。自分のターン開始時、体力+1。"
"006-006","校長校長","校長","校長","知","知","4","2","8","1","5","Common","8.2","長話朝礼台","長話：相手の次の攻撃クリーチャーの速度-1。 / 朝礼台：味方全体の体力+1。ただしこのクリーチャーは速度-1。"
"006-007","校長コブシ","コブシ","校長","武","知","4","5","5","2","3","Common","8.2","長話打撃体","長話：相手の次の攻撃クリーチャーの速度-1。 / 打撃体：攻撃時、正面の敵に追加1ダメージ。"
"006-008","校長牙","牙","校長","武","知","4","5","4","4","3","Common","8.8","長話鋭牙","長話：相手の次の攻撃クリーチャーの速度-1。 / 鋭牙：このクリーチャーがダメージを与えた敵は回復できない。"
"006-009","校長雷","雷","校長","雷","知","5","5","4","5","5","Common","9","長話帯電体","長話：相手の次の攻撃クリーチャーの速度-1。 / 帯電体：攻撃を受けたとき、攻撃した相手に1ダメージ。"
"006-010","校長猫","猫","校長","獣","知","4","3","4","6","4","Common","8.7","長話俊敏","長話：相手の次の攻撃クリーチャーの速度-1。 / 俊敏：最初に受ける攻撃ダメージを1減らす。"
"006-011","校長犬","犬","校長","獣","知","4","3","6","4","2","Common","7.7","長話かばう","長話：相手の次の攻撃クリーチャーの速度-1。 / かばう：隣の味方が受ける最初のダメージを1肩代わりする。"
"006-012","校長鬼","鬼","校長","怪","知","5","6","6","2","6","Rare","10.5","長話金棒乱舞","長話：相手の次の攻撃クリーチャーの速度-1。 / 金棒乱舞：攻撃時、隣の敵にも1ダメージ。"
"006-013","校長幽霊","幽霊","校長","影","知","4","2","4","3","8","Super Rare","7.9","長話未練","長話：相手の次の攻撃クリーチャーの速度-1。 / 未練：倒されたとき、奇怪が4以上なら手札に戻る。"
"006-014","校長魔王","魔王","校長","闇","知","5","6","7","2","6","Rare","11.5","長話玉座","長話：相手の次の攻撃クリーチャーの速度-1。 / 玉座：場にいる味方1体につき攻撃+1。"
"006-015","校長呪い","呪い","校長","影","知","4","1","5","2","9","Super Rare","7.6","長話返り呪","長話：相手の次の攻撃クリーチャーの速度-1。 / 返り呪：倒されたとき、倒した相手に2ダメージ。"
"006-016","校長饅頭","饅頭","校長","食","知","4","2","8","2","4","Common","8.3","長話あんこ壁","長話：相手の次の攻撃クリーチャーの速度-1。 / あんこ壁：このクリーチャーが受ける最初のダメージを2減らす。"
"006-017","校長鍋","鍋","校長","食","知","4","2","7","2","5","Common","8","長話鉄鍋","長話：相手の次の攻撃クリーチャーの速度-1。 / 鉄鍋：受ける攻撃ダメージを1減らす。"
"006-018","校長鍵","鍵","校長","知","知","4","2","5","3","6","Common","8.7","長話鍵穴体","長話：相手の次の攻撃クリーチャーの速度-1。 / 鍵穴体：このクリーチャーは一度だけ別の上の句と再合成できる。"
"006-019","校長透明","透明","校長","影","知","5","3","4","6","8","Super Rare","9.5","長話見えない本体","長話：相手の次の攻撃クリーチャーの速度-1。 / 見えない本体：攻撃されるたび、相手は奇怪判定に失敗すると攻撃を外す。"
"006-020","校長暴走","暴走","校長","怪","知","6","6","5","5","7","Common","10.6","長話暴走体","長話：相手の次の攻撃クリーチャーの速度-1。 / 暴走体：毎ターン必ず攻撃する。攻撃できない場合、自分に2ダメージ。"
"007-001","コブシ爺","爺","コブシ","知","武","4","4","5","1","3","Common","7","拳圧知恵袋","拳圧：攻撃時、このクリーチャーは攻撃+1。 / 知恵袋：倒されたとき、カードを1枚引く。"
"007-002","コブシ番長","番長","コブシ","武","武","4","6","5","3","2","Common","9.5","拳圧舎弟呼び","拳圧：攻撃時、このクリーチャーは攻撃+1。 / 舎弟呼び：召喚時、攻撃1/体力1の舎弟を1体出す。"
"007-003","コブシ忍者","忍者","コブシ","影","武","4","5","3","6","3","Common","9.4","拳圧影分け","拳圧：攻撃時、このクリーチャーは攻撃+1。 / 影分け：速度が相手以上なら、受けるダメージ-1。"
"007-004","コブシ受験","受験","コブシ","学","武","4","4","6","1","6","Common","9.3","拳圧試験場","拳圧：攻撃時、このクリーチャーは攻撃+1。 / 試験場：ターン終了時、手札が2枚以下なら奇怪+1。"
"007-005","コブシ宿題","宿題","コブシ","学","武","4","3","6","1","5","Common","7.4","拳圧未提出","拳圧：攻撃時、このクリーチャーは攻撃+1。 / 未提出：場に残るほど強くなる。自分のターン開始時、体力+1。"
"007-006","コブシ校長","校長","コブシ","知","武","4","4","7","1","4","Common","8.9","拳圧朝礼台","拳圧：攻撃時、このクリーチャーは攻撃+1。 / 朝礼台：味方全体の体力+1。ただしこのクリーチャーは速度-1。"
"007-007","コブシコブシ","コブシ","コブシ","武","武","4","7","4","2","1","Common","8.2","拳圧打撃体","拳圧：攻撃時、このクリーチャーは攻撃+1。 / 打撃体：攻撃時、正面の敵に追加1ダメージ。"
"007-008","コブシ牙","牙","コブシ","武","武","4","7","3","5","1","Common","9.6","拳圧鋭牙","拳圧：攻撃時、このクリーチャーは攻撃+1。 / 鋭牙：このクリーチャーがダメージを与えた敵は回復できない。"
"007-009","コブシ雷","雷","コブシ","雷","武","5","7","3","6","3","Common","9.8","拳圧帯電体","拳圧：攻撃時、このクリーチャーは攻撃+1。 / 帯電体：攻撃を受けたとき、攻撃した相手に1ダメージ。"
"007-010","コブシ猫","猫","コブシ","獣","武","4","5","3","7","2","Common","9.5","拳圧俊敏","拳圧：攻撃時、このクリーチャーは攻撃+1。 / 俊敏：最初に受ける攻撃ダメージを1減らす。"
"007-011","コブシ犬","犬","コブシ","獣","武","4","5","5","5","1","Common","9.2","拳圧かばう","拳圧：攻撃時、このクリーチャーは攻撃+1。 / かばう：隣の味方が受ける最初のダメージを1肩代わりする。"
"007-012","コブシ鬼","鬼","コブシ","怪","武","5","8","5","3","4","Rare","11.3","拳圧金棒乱舞","拳圧：攻撃時、このクリーチャーは攻撃+1。 / 金棒乱舞：攻撃時、隣の敵にも1ダメージ。"
"007-013","コブシ幽霊","幽霊","コブシ","影","武","4","4","3","4","6","Common","8.7","拳圧未練","拳圧：攻撃時、このクリーチャーは攻撃+1。 / 未練：倒されたとき、奇怪が4以上なら手札に戻る。"
"007-014","コブシ魔王","魔王","コブシ","闇","武","6","8","6","3","4","Rare","10.3","拳圧玉座","拳圧：攻撃時、このクリーチャーは攻撃+1。 / 玉座：場にいる味方1体につき攻撃+1。"
"007-015","コブシ呪い","呪い","コブシ","影","武","4","3","4","2","7","Common","7.6","拳圧返り呪","拳圧：攻撃時、このクリーチャーは攻撃+1。 / 返り呪：倒されたとき、倒した相手に2ダメージ。"
"007-016","コブシ饅頭","饅頭","コブシ","食","武","4","4","7","2","2","Common","8.3","拳圧あんこ壁","拳圧：攻撃時、このクリーチャーは攻撃+1。 / あんこ壁：このクリーチャーが受ける最初のダメージを2減らす。"
"007-017","コブシ鍋","鍋","コブシ","食","武","4","4","6","2","3","Common","8","拳圧鉄鍋","拳圧：攻撃時、このクリーチャーは攻撃+1。 / 鉄鍋：受ける攻撃ダメージを1減らす。"
"007-018","コブシ鍵","鍵","コブシ","知","武","4","4","4","4","4","Common","9.5","拳圧鍵穴体","拳圧：攻撃時、このクリーチャーは攻撃+1。 / 鍵穴体：このクリーチャーは一度だけ別の上の句と再合成できる。"
"007-019","コブシ透明","透明","コブシ","影","武","5","5","3","7","6","Rare","10.3","拳圧見えない本体","拳圧：攻撃時、このクリーチャーは攻撃+1。 / 見えない本体：攻撃されるたび、相手は奇怪判定に失敗すると攻撃を外す。"
"007-020","コブシ暴走","暴走","コブシ","怪","武","6","8","4","6","5","Common","11.4","拳圧暴走体","拳圧：攻撃時、このクリーチャーは攻撃+1。 / 暴走体：毎ターン必ず攻撃する。攻撃できない場合、自分に2ダメージ。"
"008-001","牙爺","爺","牙","知","武","4","4","4","2","4","Common","8.5","噛み砕き知恵袋","噛み砕き：体力3以下の敵を攻撃すると攻撃+2。 / 知恵袋：倒されたとき、カードを1枚引く。"
"008-002","牙番長","番長","牙","武","武","5","6","4","4","3","Common","9","噛み砕き舎弟呼び","噛み砕き：体力3以下の敵を攻撃すると攻撃+2。 / 舎弟呼び：召喚時、攻撃1/体力1の舎弟を1体出す。"
"008-003","牙忍者","忍者","牙","影","武","4","5","2","7","4","Common","10.9","噛み砕き影分け","噛み砕き：体力3以下の敵を攻撃すると攻撃+2。 / 影分け：速度が相手以上なら、受けるダメージ-1。"
"008-004","牙受験","受験","牙","学","武","4","4","5","2","7","Common","10.8","噛み砕き試験場","噛み砕き：体力3以下の敵を攻撃すると攻撃+2。 / 試験場：ターン終了時、手札が2枚以下なら奇怪+1。"
"008-005","牙宿題","宿題","牙","学","武","4","3","5","2","6","Common","8.9","噛み砕き未提出","噛み砕き：体力3以下の敵を攻撃すると攻撃+2。 / 未提出：場に残るほど強くなる。自分のターン開始時、体力+1。"
"008-006","牙校長","校長","牙","知","武","4","4","6","2","5","Common","10.4","噛み砕き朝礼台","噛み砕き：体力3以下の敵を攻撃すると攻撃+2。 / 朝礼台：味方全体の体力+1。ただしこのクリーチャーは速度-1。"
"008-007","牙コブシ","コブシ","牙","武","武","4","7","3","3","3","Common","10.4","噛み砕き打撃体","噛み砕き：体力3以下の敵を攻撃すると攻撃+2。 / 打撃体：攻撃時、正面の敵に追加1ダメージ。"
"008-008","牙牙","牙","牙","武","武","4","7","2","5","2","Common","10.3","噛み砕き鋭牙","噛み砕き：体力3以下の敵を攻撃すると攻撃+2。 / 鋭牙：このクリーチャーがダメージを与えた敵は回復できない。"
"008-009","牙雷","雷","牙","雷","武","5","7","2","7","4","Common","11.3","噛み砕き帯電体","噛み砕き：体力3以下の敵を攻撃すると攻撃+2。 / 帯電体：攻撃を受けたとき、攻撃した相手に1ダメージ。"
"008-010","牙猫","猫","牙","獣","武","5","5","2","8","3","Common","9","噛み砕き俊敏","噛み砕き：体力3以下の敵を攻撃すると攻撃+2。 / 俊敏：最初に受ける攻撃ダメージを1減らす。"
"008-011","牙犬","犬","牙","獣","武","4","5","4","6","1","Common","10","噛み砕きかばう","噛み砕き：体力3以下の敵を攻撃すると攻撃+2。 / かばう：隣の味方が受ける最初のダメージを1肩代わりする。"
"008-012","牙鬼","鬼","牙","怪","武","5","8","4","4","5","Rare","12.8","噛み砕き金棒乱舞","噛み砕き：体力3以下の敵を攻撃すると攻撃+2。 / 金棒乱舞：攻撃時、隣の敵にも1ダメージ。"
"008-013","牙幽霊","幽霊","牙","影","武","4","4","2","5","7","Common","10.2","噛み砕き未練","噛み砕き：体力3以下の敵を攻撃すると攻撃+2。 / 未練：倒されたとき、奇怪が4以上なら手札に戻る。"
"008-014","牙魔王","魔王","牙","闇","武","6","8","5","4","5","Rare","11.8","噛み砕き玉座","噛み砕き：体力3以下の敵を攻撃すると攻撃+2。 / 玉座：場にいる味方1体につき攻撃+1。"
"008-015","牙呪い","呪い","牙","影","武","4","3","3","3","8","Super Rare","9.1","噛み砕き返り呪","噛み砕き：体力3以下の敵を攻撃すると攻撃+2。 / 返り呪：倒されたとき、倒した相手に2ダメージ。"
"008-016","牙饅頭","饅頭","牙","食","武","4","4","6","3","3","Common","9.8","噛み砕きあんこ壁","噛み砕き：体力3以下の敵を攻撃すると攻撃+2。 / あんこ壁：このクリーチャーが受ける最初のダメージを2減らす。"
"008-017","牙鍋","鍋","牙","食","武","4","4","5","3","4","Common","9.5","噛み砕き鉄鍋","噛み砕き：体力3以下の敵を攻撃すると攻撃+2。 / 鉄鍋：受ける攻撃ダメージを1減らす。"
"008-018","牙鍵","鍵","牙","知","武","4","4","3","5","5","Common","11","噛み砕き鍵穴体","噛み砕き：体力3以下の敵を攻撃すると攻撃+2。 / 鍵穴体：このクリーチャーは一度だけ別の上の句と再合成できる。"
"008-019","牙透明","透明","牙","影","武","5","5","2","8","7","Rare","11.8","噛み砕き見えない本体","噛み砕き：体力3以下の敵を攻撃すると攻撃+2。 / 見えない本体：攻撃されるたび、相手は奇怪判定に失敗すると攻撃を外す。"
"008-020","牙暴走","暴走","牙","怪","武","6","8","3","7","6","Common","12.9","噛み砕き暴走体","噛み砕き：体力3以下の敵を攻撃すると攻撃+2。 / 暴走体：毎ターン必ず攻撃する。攻撃できない場合、自分に2ダメージ。"
"009-001","雷爺","爺","雷","知","雷","4","3","4","3","5","Common","7.8","落雷知恵袋","落雷：召喚時、最も速度が低い敵に1ダメージ。 / 知恵袋：倒されたとき、カードを1枚引く。"
"009-002","雷番長","番長","雷","武","雷","5","5","4","5","4","Common","8.3","落雷舎弟呼び","落雷：召喚時、最も速度が低い敵に1ダメージ。 / 舎弟呼び：召喚時、攻撃1/体力1の舎弟を1体出す。"
"009-003","雷忍者","忍者","雷","影","雷","5","4","2","8","5","Common","8.2","落雷影分け","落雷：召喚時、最も速度が低い敵に1ダメージ。 / 影分け：速度が相手以上なら、受けるダメージ-1。"
"009-004","雷受験","受験","雷","学","雷","5","3","5","3","8","Super Rare","8.1","落雷試験場","落雷：召喚時、最も速度が低い敵に1ダメージ。 / 試験場：ターン終了時、手札が2枚以下なら奇怪+1。"
"009-005","雷宿題","宿題","雷","学","雷","4","2","5","3","7","Common","8.2","落雷未提出","落雷：召喚時、最も速度が低い敵に1ダメージ。 / 未提出：場に残るほど強くなる。自分のターン開始時、体力+1。"
"009-006","雷校長","校長","雷","知","雷","5","3","6","3","6","Common","7.7","落雷朝礼台","落雷：召喚時、最も速度が低い敵に1ダメージ。 / 朝礼台：味方全体の体力+1。ただしこのクリーチャーは速度-1。"
"009-007","雷コブシ","コブシ","雷","武","雷","5","6","3","4","4","Common","7.7","落雷打撃体","落雷：召喚時、最も速度が低い敵に1ダメージ。 / 打撃体：攻撃時、正面の敵に追加1ダメージ。"
"009-008","雷牙","牙","雷","武","雷","5","6","2","6","4","Common","8.3","落雷鋭牙","落雷：召喚時、最も速度が低い敵に1ダメージ。 / 鋭牙：このクリーチャーがダメージを与えた敵は回復できない。"
"009-009","雷雷","雷","雷","雷","雷","5","6","2","7","5","Common","9.8","落雷帯電体","落雷：召喚時、最も速度が低い敵に1ダメージ。 / 帯電体：攻撃を受けたとき、攻撃した相手に1ダメージ。"
"009-010","雷猫","猫","雷","獣","雷","5","4","2","9","4","Common","8.3","落雷俊敏","落雷：召喚時、最も速度が低い敵に1ダメージ。 / 俊敏：最初に受ける攻撃ダメージを1減らす。"
"009-011","雷犬","犬","雷","獣","雷","4","4","4","7","2","Common","9.3","落雷かばう","落雷：召喚時、最も速度が低い敵に1ダメージ。 / かばう：隣の味方が受ける最初のダメージを1肩代わりする。"
"009-012","雷鬼","鬼","雷","怪","雷","6","7","4","5","6","Rare","10.1","落雷金棒乱舞","落雷：召喚時、最も速度が低い敵に1ダメージ。 / 金棒乱舞：攻撃時、隣の敵にも1ダメージ。"
"009-013","雷幽霊","幽霊","雷","影","雷","4","3","2","6","8","Super Rare","9.5","落雷未練","落雷：召喚時、最も速度が低い敵に1ダメージ。 / 未練：倒されたとき、奇怪が4以上なら手札に戻る。"
"009-014","雷魔王","魔王","雷","闇","雷","6","7","5","5","6","Rare","11.1","落雷玉座","落雷：召喚時、最も速度が低い敵に1ダメージ。 / 玉座：場にいる味方1体につき攻撃+1。"
"009-015","雷呪い","呪い","雷","影","雷","4","2","3","4","9","Super Rare","8.4","落雷返り呪","落雷：召喚時、最も速度が低い敵に1ダメージ。 / 返り呪：倒されたとき、倒した相手に2ダメージ。"
"009-016","雷饅頭","饅頭","雷","食","雷","4","3","6","4","4","Common","9.1","落雷あんこ壁","落雷：召喚時、最も速度が低い敵に1ダメージ。 / あんこ壁：このクリーチャーが受ける最初のダメージを2減らす。"
"009-017","雷鍋","鍋","雷","食","雷","4","3","5","4","5","Common","8.8","落雷鉄鍋","落雷：召喚時、最も速度が低い敵に1ダメージ。 / 鉄鍋：受ける攻撃ダメージを1減らす。"
"009-018","雷鍵","鍵","雷","知","雷","4","3","3","6","6","Common","10.3","落雷鍵穴体","落雷：召喚時、最も速度が低い敵に1ダメージ。 / 鍵穴体：このクリーチャーは一度だけ別の上の句と再合成できる。"
"009-019","雷透明","透明","雷","影","雷","5","4","2","9","8","Super Rare","11.1","落雷見えない本体","落雷：召喚時、最も速度が低い敵に1ダメージ。 / 見えない本体：攻撃されるたび、相手は奇怪判定に失敗すると攻撃を外す。"
"009-020","雷暴走","暴走","雷","怪","雷","6","7","3","8","7","Common","12.2","落雷暴走体","落雷：召喚時、最も速度が低い敵に1ダメージ。 / 暴走体：毎ターン必ず攻撃する。攻撃できない場合、自分に2ダメージ。"
"010-001","猫爺","爺","猫","知","獣","3","2","4","3","5","Common","8.6","気まぐれ知恵袋","気まぐれ：攻撃時、奇怪が相手以上なら速度+1。 / 知恵袋：倒されたとき、カードを1枚引く。"
"010-002","猫番長","番長","猫","武","獣","4","4","4","5","4","Common","9.1","気まぐれ舎弟呼び","気まぐれ：攻撃時、奇怪が相手以上なら速度+1。 / 舎弟呼び：召喚時、攻撃1/体力1の舎弟を1体出す。"
"010-003","猫忍者","忍者","猫","影","獣","4","3","2","8","5","Common","9","気まぐれ影分け","気まぐれ：攻撃時、奇怪が相手以上なら速度+1。 / 影分け：速度が相手以上なら、受けるダメージ-1。"
"010-004","猫受験","受験","猫","学","獣","4","2","5","3","8","Super Rare","8.9","気まぐれ試験場","気まぐれ：攻撃時、奇怪が相手以上なら速度+1。 / 試験場：ターン終了時、手札が2枚以下なら奇怪+1。"
"010-005","猫宿題","宿題","猫","学","獣","4","1","5","3","7","Common","7","気まぐれ未提出","気まぐれ：攻撃時、奇怪が相手以上なら速度+1。 / 未提出：場に残るほど強くなる。自分のターン開始時、体力+1。"
"010-006","猫校長","校長","猫","知","獣","4","2","6","3","6","Common","8.5","気まぐれ朝礼台","気まぐれ：攻撃時、奇怪が相手以上なら速度+1。 / 朝礼台：味方全体の体力+1。ただしこのクリーチャーは速度-1。"
"010-007","猫コブシ","コブシ","猫","武","獣","4","5","3","4","4","Common","8.5","気まぐれ打撃体","気まぐれ：攻撃時、奇怪が相手以上なら速度+1。 / 打撃体：攻撃時、正面の敵に追加1ダメージ。"
"010-008","猫牙","牙","猫","武","獣","4","5","2","6","4","Common","9.1","気まぐれ鋭牙","気まぐれ：攻撃時、奇怪が相手以上なら速度+1。 / 鋭牙：このクリーチャーがダメージを与えた敵は回復できない。"
"010-009","猫雷","雷","猫","雷","獣","5","5","2","7","6","Common","9.3","気まぐれ帯電体","気まぐれ：攻撃時、奇怪が相手以上なら速度+1。 / 帯電体：攻撃を受けたとき、攻撃した相手に1ダメージ。"
"010-010","猫又","猫","猫","獣","獣","4","3","2","8","4","Common","8.3","気まぐれ俊敏","気まぐれ：攻撃時、奇怪が相手以上なら速度+1。 / 俊敏：最初に受ける攻撃ダメージを1減らす。"
"010-011","猫犬","犬","猫","獣","獣","4","3","4","7","2","Common","8.1","気まぐれかばう","気まぐれ：攻撃時、奇怪が相手以上なら速度+1。 / かばう：隣の味方が受ける最初のダメージを1肩代わりする。"
"010-012","猫鬼","鬼","猫","怪","獣","6","7","4","5","7","Rare","11.6","気まぐれ妖獣","気まぐれ：攻撃時、奇怪が相手以上なら速度+1。 / 金棒乱舞：攻撃時、隣の敵にも1ダメージ。 / 妖獣：攻撃時、奇怪+1。"
"010-013","猫幽霊","幽霊","猫","影","獣","5","3","2","6","9","Super Rare","9","気まぐれ妖獣","気まぐれ：攻撃時、奇怪が相手以上なら速度+1。 / 未練：倒されたとき、奇怪が4以上なら手札に戻る。 / 妖獣：攻撃時、奇怪+1。"
"010-014","猫魔王","魔王","猫","闇","獣","6","7","5","5","7","Rare","12.6","気まぐれ妖獣","気まぐれ：攻撃時、奇怪が相手以上なら速度+1。 / 玉座：場にいる味方1体につき攻撃+1。 / 妖獣：攻撃時、奇怪+1。"
"010-015","猫呪い","呪い","猫","影","獣","4","2","3","4","9","Super Rare","9.2","気まぐれ妖獣","気まぐれ：攻撃時、奇怪が相手以上なら速度+1。 / 返り呪：倒されたとき、倒した相手に2ダメージ。 / 妖獣：攻撃時、奇怪+1。"
"010-016","猫饅頭","饅頭","猫","食","獣","4","2","6","4","4","Common","7.9","気まぐれあんこ壁","気まぐれ：攻撃時、奇怪が相手以上なら速度+1。 / あんこ壁：このクリーチャーが受ける最初のダメージを2減らす。"
"010-017","猫鍋","鍋","猫","食","獣","4","2","5","4","5","Common","7.6","気まぐれ鉄鍋","気まぐれ：攻撃時、奇怪が相手以上なら速度+1。 / 鉄鍋：受ける攻撃ダメージを1減らす。"
"010-018","猫鍵","鍵","猫","知","獣","4","2","3","6","6","Common","9.1","気まぐれ鍵穴体","気まぐれ：攻撃時、奇怪が相手以上なら速度+1。 / 鍵穴体：このクリーチャーは一度だけ別の上の句と再合成できる。"
"010-019","猫透明","透明","猫","影","獣","5","3","2","9","8","Super Rare","9.9","気まぐれ見えない本体","気まぐれ：攻撃時、奇怪が相手以上なら速度+1。 / 見えない本体：攻撃されるたび、相手は奇怪判定に失敗すると攻撃を外す。"
"010-020","猫暴走","暴走","猫","怪","獣","6","6","3","8","7","Common","11","気まぐれ暴走体","気まぐれ：攻撃時、奇怪が相手以上なら速度+1。 / 暴走体：毎ターン必ず攻撃する。攻撃できない場合、自分に2ダメージ。"
"011-001","犬爺","爺","犬","知","獣","4","3","6","1","3","Common","6.8","忠犬知恵袋","忠犬：味方が倒された次の攻撃時、攻撃+1。 / 知恵袋：倒されたとき、カードを1枚引く。"
"011-002","犬番長","番長","犬","武","獣","4","5","6","3","2","Common","9.3","忠犬舎弟呼び","忠犬：味方が倒された次の攻撃時、攻撃+1。 / 舎弟呼び：召喚時、攻撃1/体力1の舎弟を1体出す。"
"011-003","犬忍者","忍者","犬","影","獣","4","4","4","6","3","Common","9.2","忠犬影分け","忠犬：味方が倒された次の攻撃時、攻撃+1。 / 影分け：速度が相手以上なら、受けるダメージ-1。"
"011-004","犬受験","受験","犬","学","獣","4","3","7","1","6","Common","9.1","忠犬試験場","忠犬：味方が倒された次の攻撃時、攻撃+1。 / 試験場：ターン終了時、手札が2枚以下なら奇怪+1。"
"011-005","犬宿題","宿題","犬","学","獣","4","2","7","1","5","Common","7.2","忠犬未提出","忠犬：味方が倒された次の攻撃時、攻撃+1。 / 未提出：場に残るほど強くなる。自分のターン開始時、体力+1。"
"011-006","犬校長","校長","犬","知","獣","4","3","8","1","4","Common","8.7","忠犬朝礼台","忠犬：味方が倒された次の攻撃時、攻撃+1。 / 朝礼台：味方全体の体力+1。ただしこのクリーチャーは速度-1。"
"011-007","犬コブシ","コブシ","犬","武","獣","4","6","5","2","2","Common","8.7","忠犬打撃体","忠犬：味方が倒された次の攻撃時、攻撃+1。 / 打撃体：攻撃時、正面の敵に追加1ダメージ。"
"011-008","犬牙","牙","犬","武","獣","4","6","4","4","2","Common","9.3","忠犬鋭牙","忠犬：味方が倒された次の攻撃時、攻撃+1。 / 鋭牙：このクリーチャーがダメージを与えた敵は回復できない。"
"011-009","犬雷","雷","犬","雷","獣","5","6","4","5","4","Common","9.5","忠犬帯電体","忠犬：味方が倒された次の攻撃時、攻撃+1。 / 帯電体：攻撃を受けたとき、攻撃した相手に1ダメージ。"
"011-010","犬猫","猫","犬","獣","獣","4","4","4","6","3","Common","9.2","忠犬俊敏","忠犬：味方が倒された次の攻撃時、攻撃+1。 / 俊敏：最初に受ける攻撃ダメージを1減らす。"
"011-011","犬犬","犬","犬","獣","獣","4","4","6","4","1","Common","8.2","忠犬かばう","忠犬：味方が倒された次の攻撃時、攻撃+1。 / かばう：隣の味方が受ける最初のダメージを1肩代わりする。"
"011-012","犬鬼","鬼","犬","怪","獣","6","8","6","3","5","Rare","11.8","忠犬妖獣","忠犬：味方が倒された次の攻撃時、攻撃+1。 / 金棒乱舞：攻撃時、隣の敵にも1ダメージ。 / 妖獣：攻撃時、奇怪+1。"
"011-013","犬幽霊","幽霊","犬","影","獣","5","4","4","4","7","Rare","9.2","忠犬妖獣","忠犬：味方が倒された次の攻撃時、攻撃+1。 / 未練：倒されたとき、奇怪が4以上なら手札に戻る。 / 妖獣：攻撃時、奇怪+1。"
"011-014","犬魔王","魔王","犬","闇","獣","6","8","7","3","5","Rare","12.8","忠犬妖獣","忠犬：味方が倒された次の攻撃時、攻撃+1。 / 玉座：場にいる味方1体につき攻撃+1。 / 妖獣：攻撃時、奇怪+1。"
"011-015","犬呪い","呪い","犬","影","獣","5","3","5","2","8","Super Rare","8.1","忠犬妖獣","忠犬：味方が倒された次の攻撃時、攻撃+1。 / 返り呪：倒されたとき、倒した相手に2ダメージ。 / 妖獣：攻撃時、奇怪+1。"
"011-016","犬饅頭","饅頭","犬","食","獣","4","3","8","2","2","Common","8.1","忠犬あんこ壁","忠犬：味方が倒された次の攻撃時、攻撃+1。 / あんこ壁：このクリーチャーが受ける最初のダメージを2減らす。"
"011-017","犬鍋","鍋","犬","食","獣","4","3","7","2","3","Common","7.8","忠犬鉄鍋","忠犬：味方が倒された次の攻撃時、攻撃+1。 / 鉄鍋：受ける攻撃ダメージを1減らす。"
"011-018","犬鍵","鍵","犬","知","獣","4","3","5","4","4","Common","9.3","忠犬鍵穴体","忠犬：味方が倒された次の攻撃時、攻撃+1。 / 鍵穴体：このクリーチャーは一度だけ別の上の句と再合成できる。"
"011-019","犬透明","透明","犬","影","獣","5","4","4","7","6","Rare","10.1","忠犬見えない本体","忠犬：味方が倒された次の攻撃時、攻撃+1。 / 見えない本体：攻撃されるたび、相手は奇怪判定に失敗すると攻撃を外す。"
"011-020","犬暴走","暴走","犬","怪","獣","6","7","5","6","5","Common","11.2","忠犬暴走体","忠犬：味方が倒された次の攻撃時、攻撃+1。 / 暴走体：毎ターン必ず攻撃する。攻撃できない場合、自分に2ダメージ。"
"012-001","鬼爺","爺","鬼","知","怪","4","4","5","1","5","Rare","8.4","鬼気知恵袋","鬼気：攻撃+1。奇怪が5以上ならさらに攻撃+1。 / 知恵袋：倒されたとき、カードを1枚引く。"
"012-002","鬼番長","番長","鬼","武","怪","5","6","5","2","4","Rare","8.1","鬼気舎弟呼び","鬼気：攻撃+1。奇怪が5以上ならさらに攻撃+1。 / 舎弟呼び：召喚時、攻撃1/体力1の舎弟を1体出す。"
"012-003","鬼忍者","忍者","鬼","影","怪","5","5","3","5","5","Rare","8","鬼気影分け","鬼気：攻撃+1。奇怪が5以上ならさらに攻撃+1。 / 影分け：速度が相手以上なら、受けるダメージ-1。"
"012-004","鬼受験","受験","鬼","学","怪","5","4","6","1","8","Super Rare","8.7","鬼気試験場","鬼気：攻撃+1。奇怪が5以上ならさらに攻撃+1。 / 試験場：ターン終了時、手札が2枚以下なら奇怪+1。"
"012-005","鬼宿題","宿題","鬼","学","怪","4","3","6","1","7","Rare","8.8","鬼気未提出","鬼気：攻撃+1。奇怪が5以上ならさらに攻撃+1。 / 未提出：場に残るほど強くなる。自分のターン開始時、体力+1。"
"012-006","鬼校長","校長","鬼","知","怪","5","4","7","1","6","Rare","8.3","鬼気朝礼台","鬼気：攻撃+1。奇怪が5以上ならさらに攻撃+1。 / 朝礼台：味方全体の体力+1。ただしこのクリーチャーは速度-1。"
"012-007","鬼コブシ","コブシ","鬼","武","怪","5","7","4","1","4","Rare","7.5","鬼気打撃体","鬼気：攻撃+1。奇怪が5以上ならさらに攻撃+1。 / 打撃体：攻撃時、正面の敵に追加1ダメージ。"
"012-008","鬼牙","牙","鬼","武","怪","5","7","3","3","4","Rare","8.1","鬼気鋭牙","鬼気：攻撃+1。奇怪が5以上ならさらに攻撃+1。 / 鋭牙：このクリーチャーがダメージを与えた敵は回復できない。"
"012-009","鬼雷","雷","鬼","雷","怪","5","7","3","4","6","Rare","10.3","鬼気帯電体","鬼気：攻撃+1。奇怪が5以上ならさらに攻撃+1。 / 帯電体：攻撃を受けたとき、攻撃した相手に1ダメージ。"
"012-010","鬼猫","猫","鬼","獣","怪","5","5","3","5","5","Rare","8","鬼気俊敏","鬼気：攻撃+1。奇怪が5以上ならさらに攻撃+1。 / 俊敏：最初に受ける攻撃ダメージを1減らす。"
"012-011","鬼犬","犬","鬼","獣","怪","4","5","5","3","3","Rare","9","鬼気かばう","鬼気：攻撃+1。奇怪が5以上ならさらに攻撃+1。 / かばう：隣の味方が受ける最初のダメージを1肩代わりする。"
"012-012","鬼神","鬼","鬼","怪","怪","5","8","5","1","6","Mythic","11.1","鬼気金棒乱舞","鬼気：攻撃+1。奇怪が5以上ならさらに攻撃+1。 / 金棒乱舞：攻撃時、隣の敵にも1ダメージ。"
"012-013","鬼幽霊","幽霊","鬼","影","怪","4","4","3","3","8","Super Rare","9.3","鬼気未練","鬼気：攻撃+1。奇怪が5以上ならさらに攻撃+1。 / 未練：倒されたとき、奇怪が4以上なら手札に戻る。"
"012-014","鬼魔王","魔王","鬼","闇","怪","6","8","6","2","6","Rare","10.9","鬼気玉座","鬼気：攻撃+1。奇怪が5以上ならさらに攻撃+1。 / 玉座：場にいる味方1体につき攻撃+1。"
"012-015","鬼呪い","呪い","鬼","影","怪","4","3","4","2","9","Super Rare","9","鬼気返り呪","鬼気：攻撃+1。奇怪が5以上ならさらに攻撃+1。 / 返り呪：倒されたとき、倒した相手に2ダメージ。"
"012-016","鬼饅頭","饅頭","鬼","食","怪","5","4","7","2","4","Rare","7.7","鬼気あんこ壁","鬼気：攻撃+1。奇怪が5以上ならさらに攻撃+1。 / あんこ壁：このクリーチャーが受ける最初のダメージを2減らす。"
"012-017","鬼鍋","鍋","鬼","食","怪","5","4","6","2","5","Rare","7.4","鬼気鉄鍋","鬼気：攻撃+1。奇怪が5以上ならさらに攻撃+1。 / 鉄鍋：受ける攻撃ダメージを1減らす。"
"012-018","鬼鍵","鍵","鬼","知","怪","4","4","4","3","6","Rare","10.1","鬼気鍵穴体","鬼気：攻撃+1。奇怪が5以上ならさらに攻撃+1。 / 鍵穴体：このクリーチャーは一度だけ別の上の句と再合成できる。"
"012-019","鬼透明","透明","鬼","影","怪","5","5","3","6","8","Super Rare","10.9","鬼気見えない本体","鬼気：攻撃+1。奇怪が5以上ならさらに攻撃+1。 / 見えない本体：攻撃されるたび、相手は奇怪判定に失敗すると攻撃を外す。"
"012-020","鬼暴走","暴走","鬼","怪","怪","6","8","4","5","7","Rare","12","鬼気暴走体","鬼気：攻撃+1。奇怪が5以上ならさらに攻撃+1。 / 暴走体：毎ターン必ず攻撃する。攻撃できない場合、自分に2ダメージ。"
"013-001","幽霊爺","爺","幽霊","知","影","3","1","5","2","6","Common","8.3","すり抜け知恵袋","すり抜け：このターン、正面の敵以外を攻撃できる。 / 知恵袋：倒されたとき、カードを1枚引く。"
"013-002","幽霊番長","番長","幽霊","武","影","4","3","5","4","5","Common","8.8","すり抜け舎弟呼び","すり抜け：このターン、正面の敵以外を攻撃できる。 / 舎弟呼び：召喚時、攻撃1/体力1の舎弟を1体出す。"
"013-003","幽霊忍者","忍者","幽霊","影","影","4","2","3","7","6","Common","8.7","すり抜け影分け","すり抜け：このターン、正面の敵以外を攻撃できる。 / 影分け：速度が相手以上なら、受けるダメージ-1。"
"013-004","幽霊受験","受験","幽霊","学","影","4","1","6","2","9","Super Rare","9.4","すり抜け抽象怪異","すり抜け：このターン、正面の敵以外を攻撃できる。 / 試験場：ターン終了時、手札が2枚以下なら奇怪+1。 / 抽象怪異：直接攻撃されにくい。"
"013-005","幽霊宿題","宿題","幽霊","学","影","4","1","6","2","9","Super Rare","9.4","すり抜け抽象怪異","すり抜け：このターン、正面の敵以外を攻撃できる。 / 未提出：場に残るほど強くなる。自分のターン開始時、体力+1。 / 抽象怪異：直接攻撃されにくい。"
"013-006","幽霊校長","校長","幽霊","知","影","4","1","7","2","7","Common","8.2","すり抜け朝礼台","すり抜け：このターン、正面の敵以外を攻撃できる。 / 朝礼台：味方全体の体力+1。ただしこのクリーチャーは速度-1。"
"013-007","幽霊コブシ","コブシ","幽霊","武","影","4","4","4","3","5","Common","8.2","すり抜け打撃体","すり抜け：このターン、正面の敵以外を攻撃できる。 / 打撃体：攻撃時、正面の敵に追加1ダメージ。"
"013-008","幽霊牙","牙","幽霊","武","影","4","4","3","5","5","Common","8.8","すり抜け鋭牙","すり抜け：このターン、正面の敵以外を攻撃できる。 / 鋭牙：このクリーチャーがダメージを与えた敵は回復できない。"
"013-009","幽霊雷","雷","幽霊","雷","影","5","4","3","6","7","Common","9","すり抜け帯電体","すり抜け：このターン、正面の敵以外を攻撃できる。 / 帯電体：攻撃を受けたとき、攻撃した相手に1ダメージ。"
"013-010","幽霊猫","猫","幽霊","獣","影","4","2","3","7","6","Common","8.7","すり抜け俊敏","すり抜け：このターン、正面の敵以外を攻撃できる。 / 俊敏：最初に受ける攻撃ダメージを1減らす。"
"013-011","幽霊犬","犬","幽霊","獣","影","4","2","5","5","4","Common","7.7","すり抜けかばう","すり抜け：このターン、正面の敵以外を攻撃できる。 / かばう：隣の味方が受ける最初のダメージを1肩代わりする。"
"013-012","幽霊鬼","鬼","幽霊","怪","影","5","5","5","3","8","Super Rare","10.5","すり抜け金棒乱舞","すり抜け：このターン、正面の敵以外を攻撃できる。 / 金棒乱舞：攻撃時、隣の敵にも1ダメージ。"
"013-013","幽霊幽霊","幽霊","幽霊","影","影","4","1","3","4","9","Super Rare","8","すり抜け抽象怪異","すり抜け：このターン、正面の敵以外を攻撃できる。 / 未練：倒されたとき、奇怪が4以上なら手札に戻る。 / 抽象怪異：直接攻撃されにくい。"
"013-014","幽霊魔王","魔王","幽霊","闇","影","5","5","6","4","7","Rare","11.6","すり抜け玉座","すり抜け：このターン、正面の敵以外を攻撃できる。 / 玉座：場にいる味方1体につき攻撃+1。"
"013-015","幽霊呪い","呪い","幽霊","影","影","4","1","4","3","9","Super Rare","8.2","すり抜け抽象怪異","すり抜け：このターン、正面の敵以外を攻撃できる。 / 返り呪：倒されたとき、倒した相手に2ダメージ。 / 抽象怪異：直接攻撃されにくい。"
"013-016","幽霊饅頭","饅頭","幽霊","食","影","4","1","7","3","5","Common","7.6","すり抜けあんこ壁","すり抜け：このターン、正面の敵以外を攻撃できる。 / あんこ壁：このクリーチャーが受ける最初のダメージを2減らす。"
"013-017","幽霊鍋","鍋","幽霊","食","影","4","1","6","3","6","Common","7.3","すり抜け鉄鍋","すり抜け：このターン、正面の敵以外を攻撃できる。 / 鉄鍋：受ける攻撃ダメージを1減らす。"
"013-018","幽霊鍵","鍵","幽霊","知","影","4","1","4","5","7","Common","8.8","すり抜け鍵穴体","すり抜け：このターン、正面の敵以外を攻撃できる。 / 鍵穴体：このクリーチャーは一度だけ別の上の句と再合成できる。"
"013-019","幽霊透明","透明","幽霊","影","影","5","2","3","8","9","Super Rare","9.6","すり抜け見えない本体","すり抜け：このターン、正面の敵以外を攻撃できる。 / 見えない本体：攻撃されるたび、相手は奇怪判定に失敗すると攻撃を外す。"
"013-020","幽霊暴走","暴走","幽霊","怪","影","6","5","4","7","8","Super Rare","10.7","すり抜け暴走体","すり抜け：このターン、正面の敵以外を攻撃できる。 / 暴走体：毎ターン必ず攻撃する。攻撃できない場合、自分に2ダメージ。"
"014-001","魔王爺","爺","魔王","知","闇","4","3","6","1","6","Rare","8.9","支配知恵袋","支配：味方全体の攻撃+1。ただしこのクリーチャーのコスト+1。 / 知恵袋：倒されたとき、カードを1枚引く。"
"014-002","魔王番長","番長","魔王","武","闇","5","5","6","2","5","Rare","8.6","支配舎弟呼び","支配：味方全体の攻撃+1。ただしこのクリーチャーのコスト+1。 / 舎弟呼び：召喚時、攻撃1/体力1の舎弟を1体出す。"
"014-003","魔王忍者","忍者","魔王","影","闇","5","4","4","5","6","Rare","8.5","支配影分け","支配：味方全体の攻撃+1。ただしこのクリーチャーのコスト+1。 / 影分け：速度が相手以上なら、受けるダメージ-1。"
"014-004","魔王受験","受験","魔王","学","闇","5","3","7","1","9","Super Rare","9.2","支配試験場","支配：味方全体の攻撃+1。ただしこのクリーチャーのコスト+1。 / 試験場：ターン終了時、手札が2枚以下なら奇怪+1。"
"014-005","魔王宿題","宿題","魔王","学","闇","5","2","7","1","8","Super Rare","7.3","支配未提出","支配：味方全体の攻撃+1。ただしこのクリーチャーのコスト+1。 / 未提出：場に残るほど強くなる。自分のターン開始時、体力+1。"
"014-006","魔王校長","校長","魔王","知","闇","5","3","8","1","7","Rare","8.8","支配朝礼台","支配：味方全体の攻撃+1。ただしこのクリーチャーのコスト+1。 / 朝礼台：味方全体の体力+1。ただしこのクリーチャーは速度-1。"
"014-007","魔王コブシ","コブシ","魔王","武","闇","5","6","5","1","5","Rare","8","支配打撃体","支配：味方全体の攻撃+1。ただしこのクリーチャーのコスト+1。 / 打撃体：攻撃時、正面の敵に追加1ダメージ。"
"014-008","魔王牙","牙","魔王","武","闇","5","6","4","3","5","Rare","8.6","支配鋭牙","支配：味方全体の攻撃+1。ただしこのクリーチャーのコスト+1。 / 鋭牙：このクリーチャーがダメージを与えた敵は回復できない。"
"014-009","魔王雷","雷","魔王","雷","闇","5","6","4","4","7","Rare","10.8","支配帯電体","支配：味方全体の攻撃+1。ただしこのクリーチャーのコスト+1。 / 帯電体：攻撃を受けたとき、攻撃した相手に1ダメージ。"
"014-010","魔王猫","猫","魔王","獣","闇","5","4","4","5","6","Rare","8.5","支配俊敏","支配：味方全体の攻撃+1。ただしこのクリーチャーのコスト+1。 / 俊敏：最初に受ける攻撃ダメージを1減らす。"
"014-011","魔王犬","犬","魔王","獣","闇","5","4","6","3","4","Rare","7.5","支配かばう","支配：味方全体の攻撃+1。ただしこのクリーチャーのコスト+1。 / かばう：隣の味方が受ける最初のダメージを1肩代わりする。"
"014-012","魔王鬼","鬼","魔王","怪","闇","6","7","6","1","8","Super Rare","10.3","支配金棒乱舞","支配：味方全体の攻撃+1。ただしこのクリーチャーのコスト+1。 / 金棒乱舞：攻撃時、隣の敵にも1ダメージ。"
"014-013","魔王幽霊","幽霊","魔王","影","闇","4","3","4","2","9","Super Rare","9","支配未練","支配：味方全体の攻撃+1。ただしこのクリーチャーのコスト+1。 / 未練：倒されたとき、奇怪が4以上なら手札に戻る。"
"014-014","大魔王","魔王","魔王","闇","闇","6","7","7","1","7","Mythic","10.6","支配玉座","支配：味方全体の攻撃+1。ただしこのクリーチャーのコスト+1。 / 玉座：場にいる味方1体につき攻撃+1。"
"014-015","魔王呪い","呪い","魔王","影","闇","4","2","5","2","9","Super Rare","8.8","支配返り呪","支配：味方全体の攻撃+1。ただしこのクリーチャーのコスト+1。 / 返り呪：倒されたとき、倒した相手に2ダメージ。"
"014-016","魔王饅頭","饅頭","魔王","食","闇","5","3","8","2","5","Rare","8.2","支配あんこ壁","支配：味方全体の攻撃+1。ただしこのクリーチャーのコスト+1。 / あんこ壁：このクリーチャーが受ける最初のダメージを2減らす。"
"014-017","魔王鍋","鍋","魔王","食","闇","5","3","7","2","6","Rare","7.9","支配鉄鍋","支配：味方全体の攻撃+1。ただしこのクリーチャーのコスト+1。 / 鉄鍋：受ける攻撃ダメージを1減らす。"
"014-018","魔王鍵","鍵","魔王","知","闇","5","3","5","3","7","Rare","8.6","支配鍵穴体","支配：味方全体の攻撃+1。ただしこのクリーチャーのコスト+1。 / 鍵穴体：このクリーチャーは一度だけ別の上の句と再合成できる。"
"014-019","魔王透明","透明","魔王","影","闇","6","4","4","6","9","Super Rare","9.4","支配見えない本体","支配：味方全体の攻撃+1。ただしこのクリーチャーのコスト+1。 / 見えない本体：攻撃されるたび、相手は奇怪判定に失敗すると攻撃を外す。"
"014-020","魔王暴走","暴走","魔王","怪","闇","6","7","5","5","8","Super Rare","12.5","支配暴走体","支配：味方全体の攻撃+1。ただしこのクリーチャーのコスト+1。 / 暴走体：毎ターン必ず攻撃する。攻撃できない場合、自分に2ダメージ。"
"015-001","呪い爺","爺","呪い","知","影","4","1","5","1","9","Super Rare","8.4","呪縛取り憑き","呪縛：正面の敵は次のターン速度-2。 / 知恵袋：倒されたとき、カードを1枚引く。 / 取り憑き：倒されたとき、正面の敵の攻撃-1。"
"015-002","呪い番長","番長","呪い","武","影","4","3","5","1","8","Super Rare","9.3","呪縛取り憑き","呪縛：正面の敵は次のターン速度-2。 / 舎弟呼び：召喚時、攻撃1/体力1の舎弟を1体出す。 / 取り憑き：倒されたとき、正面の敵の攻撃-1。"
"015-003","呪い忍者","忍者","呪い","影","影","4","2","3","4","9","Super Rare","9.2","呪縛取り憑き","呪縛：正面の敵は次のターン速度-2。 / 影分け：速度が相手以上なら、受けるダメージ-1。 / 取り憑き：倒されたとき、正面の敵の攻撃-1。"
"015-004","呪い受験","受験","呪い","学","影","4","1","6","1","9","Super Rare","8.6","呪縛抽象怪異","呪縛：正面の敵は次のターン速度-2。 / 試験場：ターン終了時、手札が2枚以下なら奇怪+1。 / 抽象怪異：直接攻撃されにくい。"
"015-005","呪い宿題","宿題","呪い","学","影","4","1","6","1","9","Super Rare","8.6","呪縛抽象怪異","呪縛：正面の敵は次のターン速度-2。 / 未提出：場に残るほど強くなる。自分のターン開始時、体力+1。 / 抽象怪異：直接攻撃されにくい。"
"015-006","呪い校長","校長","呪い","知","影","4","1","7","1","9","Super Rare","9.6","呪縛取り憑き","呪縛：正面の敵は次のターン速度-2。 / 朝礼台：味方全体の体力+1。ただしこのクリーチャーは速度-1。 / 取り憑き：倒されたとき、正面の敵の攻撃-1。"
"015-007","呪いコブシ","コブシ","呪い","武","影","4","4","4","1","6","Common","7.3","呪縛打撃体","呪縛：正面の敵は次のターン速度-2。 / 打撃体：攻撃時、正面の敵に追加1ダメージ。"
"015-008","呪い牙","牙","呪い","武","影","4","4","3","3","6","Common","7.9","呪縛鋭牙","呪縛：正面の敵は次のターン速度-2。 / 鋭牙：このクリーチャーがダメージを与えた敵は回復できない。"
"015-009","呪い雷","雷","呪い","雷","影","5","4","3","4","8","Super Rare","8.1","呪縛帯電体","呪縛：正面の敵は次のターン速度-2。 / 帯電体：攻撃を受けたとき、攻撃した相手に1ダメージ。"
"015-010","呪い猫","猫","呪い","獣","影","4","2","3","5","7","Common","7.8","呪縛俊敏","呪縛：正面の敵は次のターン速度-2。 / 俊敏：最初に受ける攻撃ダメージを1減らす。"
"015-011","呪い犬","犬","呪い","獣","影","4","2","5","3","5","Common","6.8","呪縛かばう","呪縛：正面の敵は次のターン速度-2。 / かばう：隣の味方が受ける最初のダメージを1肩代わりする。"
"015-012","呪い鬼","鬼","呪い","怪","影","5","5","5","1","9","Super Rare","9.6","呪縛金棒乱舞","呪縛：正面の敵は次のターン速度-2。 / 金棒乱舞：攻撃時、隣の敵にも1ダメージ。"
"015-013","呪い幽霊","幽霊","呪い","影","影","4","1","3","2","9","Super Rare","6.4","呪縛抽象怪異","呪縛：正面の敵は次のターン速度-2。 / 未練：倒されたとき、奇怪が4以上なら手札に戻る。 / 抽象怪異：直接攻撃されにくい。"
"015-014","呪い魔王","魔王","呪い","闇","影","5","5","6","1","9","Super Rare","10.6","呪縛玉座","呪縛：正面の敵は次のターン速度-2。 / 玉座：場にいる味方1体につき攻撃+1。"
"015-015","厄災呪","呪い","呪い","影","影","4","1","4","1","9","Mythic","6.6","呪縛抽象怪異","呪縛：正面の敵は次のターン速度-2。 / 返り呪：倒されたとき、倒した相手に2ダメージ。 / 抽象怪異：直接攻撃されにくい。"
"015-016","呪い饅頭","饅頭","呪い","食","影","4","1","7","2","6","Common","7.5","呪縛あんこ壁","呪縛：正面の敵は次のターン速度-2。 / あんこ壁：このクリーチャーが受ける最初のダメージを2減らす。"
"015-017","呪い鍋","鍋","呪い","食","影","4","1","6","2","7","Common","7.2","呪縛鉄鍋","呪縛：正面の敵は次のターン速度-2。 / 鉄鍋：受ける攻撃ダメージを1減らす。"
"015-018","呪い鍵","鍵","呪い","知","影","4","1","4","3","8","Super Rare","7.9","呪縛鍵穴体","呪縛：正面の敵は次のターン速度-2。 / 鍵穴体：このクリーチャーは一度だけ別の上の句と再合成できる。"
"015-019","呪い透明","透明","呪い","影","影","5","2","3","6","9","Super Rare","8","呪縛見えない本体","呪縛：正面の敵は次のターン速度-2。 / 見えない本体：攻撃されるたび、相手は奇怪判定に失敗すると攻撃を外す。"
"015-020","呪い暴走","暴走","呪い","怪","影","6","5","4","5","9","Super Rare","9.8","呪縛暴走体","呪縛：正面の敵は次のターン速度-2。 / 暴走体：毎ターン必ず攻撃する。攻撃できない場合、自分に2ダメージ。"
"016-001","饅頭爺","爺","饅頭","知","食","4","2","7","1","4","Common","7.3","ふくらむ知恵袋","ふくらむ：ダメージを受けた後、体力+1。 / 知恵袋：倒されたとき、カードを1枚引く。"
"016-002","饅頭番長","番長","饅頭","武","食","4","4","7","2","3","Common","9","ふくらむ舎弟呼び","ふくらむ：ダメージを受けた後、体力+1。 / 舎弟呼び：召喚時、攻撃1/体力1の舎弟を1体出す。"
"016-003","饅頭忍者","忍者","饅頭","影","食","4","3","5","5","4","Common","8.9","ふくらむ影分け","ふくらむ：ダメージを受けた後、体力+1。 / 影分け：速度が相手以上なら、受けるダメージ-1。"
"016-004","饅頭受験","受験","饅頭","学","食","4","2","8","1","7","Common","9.6","ふくらむ試験場","ふくらむ：ダメージを受けた後、体力+1。 / 試験場：ターン終了時、手札が2枚以下なら奇怪+1。"
"016-005","饅頭宿題","宿題","饅頭","学","食","4","1","8","1","6","Common","7.7","ふくらむ未提出","ふくらむ：ダメージを受けた後、体力+1。 / 未提出：場に残るほど強くなる。自分のターン開始時、体力+1。"
"016-006","饅頭校長","校長","饅頭","知","食","4","2","9","1","5","Common","9.2","ふくらむ朝礼台","ふくらむ：ダメージを受けた後、体力+1。 / 朝礼台：味方全体の体力+1。ただしこのクリーチャーは速度-1。"
"016-007","饅頭コブシ","コブシ","饅頭","武","食","4","5","6","1","3","Common","8.4","ふくらむ打撃体","ふくらむ：ダメージを受けた後、体力+1。 / 打撃体：攻撃時、正面の敵に追加1ダメージ。"
"016-008","饅頭牙","牙","饅頭","武","食","4","5","5","3","3","Common","9","ふくらむ鋭牙","ふくらむ：ダメージを受けた後、体力+1。 / 鋭牙：このクリーチャーがダメージを与えた敵は回復できない。"
"016-009","饅頭雷","雷","饅頭","雷","食","5","5","5","4","5","Common","9.2","ふくらむ帯電体","ふくらむ：ダメージを受けた後、体力+1。 / 帯電体：攻撃を受けたとき、攻撃した相手に1ダメージ。"
"016-010","饅頭猫","猫","饅頭","獣","食","4","3","5","5","4","Common","8.9","ふくらむ俊敏","ふくらむ：ダメージを受けた後、体力+1。 / 俊敏：最初に受ける攻撃ダメージを1減らす。"
"016-011","饅頭犬","犬","饅頭","獣","食","4","3","7","3","2","Common","7.9","ふくらむかばう","ふくらむ：ダメージを受けた後、体力+1。 / かばう：隣の味方が受ける最初のダメージを1肩代わりする。"
"016-012","饅頭鬼","鬼","饅頭","怪","食","5","6","7","1","6","Rare","10.7","ふくらむ金棒乱舞","ふくらむ：ダメージを受けた後、体力+1。 / 金棒乱舞：攻撃時、隣の敵にも1ダメージ。"
"016-013","饅頭幽霊","幽霊","饅頭","影","食","4","2","5","2","8","Super Rare","8.1","ふくらむ未練","ふくらむ：ダメージを受けた後、体力+1。 / 未練：倒されたとき、奇怪が4以上なら手札に戻る。"
"016-014","饅頭魔王","魔王","饅頭","闇","食","6","6","9","1","7","Rare","12.2","ふくらむ暴食支配","ふくらむ：ダメージを受けた後、体力+1。 / 玉座：場にいる味方1体につき攻撃+1。 / 暴食支配：敵を倒したとき、次のターンまで攻撃+1。"
"016-015","饅頭呪い","呪い","饅頭","影","食","4","1","6","1","9","Super Rare","7.8","ふくらむ返り呪","ふくらむ：ダメージを受けた後、体力+1。 / 返り呪：倒されたとき、倒した相手に2ダメージ。"
"016-016","大饅頭","饅頭","饅頭","食","食","4","2","9","1","3","Common","7.8","ふくらむあんこ壁","ふくらむ：ダメージを受けた後、体力+1。 / あんこ壁：このクリーチャーが受ける最初のダメージを2減らす。"
"016-017","饅頭鍋","鍋","饅頭","食","食","4","2","8","2","4","Common","8.3","ふくらむ鉄鍋","ふくらむ：ダメージを受けた後、体力+1。 / 鉄鍋：受ける攻撃ダメージを1減らす。"
"016-018","饅頭鍵","鍵","饅頭","知","食","4","2","6","3","5","Common","9","ふくらむ鍵穴体","ふくらむ：ダメージを受けた後、体力+1。 / 鍵穴体：このクリーチャーは一度だけ別の上の句と再合成できる。"
"016-019","饅頭透明","透明","饅頭","影","食","5","3","5","6","7","Rare","9.8","ふくらむ見えない本体","ふくらむ：ダメージを受けた後、体力+1。 / 見えない本体：攻撃されるたび、相手は奇怪判定に失敗すると攻撃を外す。"
"016-020","饅頭暴走","暴走","饅頭","怪","食","6","6","6","5","6","Common","10.9","ふくらむ暴走体","ふくらむ：ダメージを受けた後、体力+1。 / 暴走体：毎ターン必ず攻撃する。攻撃できない場合、自分に2ダメージ。"
"017-001","鍋爺","爺","鍋","知","食","4","2","7","1","5","Common","8","煮込み知恵袋","煮込み：ターン終了時、このクリーチャーの体力+1。 / 知恵袋：倒されたとき、カードを1枚引く。"
"017-002","鍋番長","番長","鍋","武","食","4","4","7","2","4","Common","9.7","煮込み舎弟呼び","煮込み：ターン終了時、このクリーチャーの体力+1。 / 舎弟呼び：召喚時、攻撃1/体力1の舎弟を1体出す。"
"017-003","鍋忍者","忍者","鍋","影","食","4","3","5","5","5","Common","9.6","煮込み影分け","煮込み：ターン終了時、このクリーチャーの体力+1。 / 影分け：速度が相手以上なら、受けるダメージ-1。"
"017-004","鍋受験","受験","鍋","学","食","5","2","8","1","8","Super Rare","8.3","煮込み試験場","煮込み：ターン終了時、このクリーチャーの体力+1。 / 試験場：ターン終了時、手札が2枚以下なら奇怪+1。"
"017-005","鍋宿題","宿題","鍋","学","食","4","1","8","1","7","Common","8.4","煮込み未提出","煮込み：ターン終了時、このクリーチャーの体力+1。 / 未提出：場に残るほど強くなる。自分のターン開始時、体力+1。"
"017-006","鍋校長","校長","鍋","知","食","4","2","9","1","6","Common","9.9","煮込み朝礼台","煮込み：ターン終了時、このクリーチャーの体力+1。 / 朝礼台：味方全体の体力+1。ただしこのクリーチャーは速度-1。"
"017-007","鍋コブシ","コブシ","鍋","武","食","4","5","6","1","4","Common","9.1","煮込み打撃体","煮込み：ターン終了時、このクリーチャーの体力+1。 / 打撃体：攻撃時、正面の敵に追加1ダメージ。"
"017-008","鍋牙","牙","鍋","武","食","4","5","5","3","4","Common","9.7","煮込み鋭牙","煮込み：ターン終了時、このクリーチャーの体力+1。 / 鋭牙：このクリーチャーがダメージを与えた敵は回復できない。"
"017-009","鍋雷","雷","鍋","雷","食","5","5","5","4","6","Common","9.9","煮込み帯電体","煮込み：ターン終了時、このクリーチャーの体力+1。 / 帯電体：攻撃を受けたとき、攻撃した相手に1ダメージ。"
"017-010","鍋猫","猫","鍋","獣","食","4","3","5","5","5","Common","9.6","煮込み俊敏","煮込み：ターン終了時、このクリーチャーの体力+1。 / 俊敏：最初に受ける攻撃ダメージを1減らす。"
"017-011","鍋犬","犬","鍋","獣","食","4","3","7","3","3","Common","8.6","煮込みかばう","煮込み：ターン終了時、このクリーチャーの体力+1。 / かばう：隣の味方が受ける最初のダメージを1肩代わりする。"
"017-012","鍋鬼","鬼","鍋","怪","食","5","6","7","1","7","Rare","11.4","煮込み金棒乱舞","煮込み：ターン終了時、このクリーチャーの体力+1。 / 金棒乱舞：攻撃時、隣の敵にも1ダメージ。"
"017-013","鍋幽霊","幽霊","鍋","影","食","4","2","5","2","9","Super Rare","8.8","煮込み未練","煮込み：ターン終了時、このクリーチャーの体力+1。 / 未練：倒されたとき、奇怪が4以上なら手札に戻る。"
"017-014","鍋魔王","魔王","鍋","闇","食","6","6","9","1","8","Super Rare","12.9","煮込み暴食支配","煮込み：ターン終了時、このクリーチャーの体力+1。 / 玉座：場にいる味方1体につき攻撃+1。 / 暴食支配：敵を倒したとき、次のターンまで攻撃+1。"
"017-015","鍋呪い","呪い","鍋","影","食","4","1","6","1","9","Super Rare","7.8","煮込み返り呪","煮込み：ターン終了時、このクリーチャーの体力+1。 / 返り呪：倒されたとき、倒した相手に2ダメージ。"
"017-016","鍋饅頭","饅頭","鍋","食","食","4","2","9","1","5","Common","9.2","煮込みあんこ壁","煮込み：ターン終了時、このクリーチャーの体力+1。 / あんこ壁：このクリーチャーが受ける最初のダメージを2減らす。"
"017-017","鍋鍋","鍋","鍋","食","食","4","2","8","1","5","Common","8.2","煮込み鉄鍋","煮込み：ターン終了時、このクリーチャーの体力+1。 / 鉄鍋：受ける攻撃ダメージを1減らす。"
"017-018","鍋鍵","鍵","鍋","知","食","4","2","6","3","6","Common","9.7","煮込み鍵穴体","煮込み：ターン終了時、このクリーチャーの体力+1。 / 鍵穴体：このクリーチャーは一度だけ別の上の句と再合成できる。"
"017-019","鍋透明","透明","鍋","影","食","5","3","5","6","8","Super Rare","10.5","煮込み見えない本体","煮込み：ターン終了時、このクリーチャーの体力+1。 / 見えない本体：攻撃されるたび、相手は奇怪判定に失敗すると攻撃を外す。"
"017-020","鍋暴走","暴走","鍋","怪","食","6","6","6","5","7","Common","11.6","煮込み暴走体","煮込み：ターン終了時、このクリーチャーの体力+1。 / 暴走体：毎ターン必ず攻撃する。攻撃できない場合、自分に2ダメージ。"
"018-001","鍵爺","爺","鍵","知","知","4","2","5","2","5","Common","6.8","解錠知恵袋","解錠：召喚時、味方1体の封じられた能力を回復する。 / 知恵袋：倒されたとき、カードを1枚引く。"
"018-002","鍵番長","番長","鍵","武","知","4","4","5","4","4","Common","9.3","解錠舎弟呼び","解錠：召喚時、味方1体の封じられた能力を回復する。 / 舎弟呼び：召喚時、攻撃1/体力1の舎弟を1体出す。"
"018-003","鍵忍者","忍者","鍵","影","知","4","3","3","7","5","Common","9.2","解錠影分け","解錠：召喚時、味方1体の封じられた能力を回復する。 / 影分け：速度が相手以上なら、受けるダメージ-1。"
"018-004","鍵受験","受験","鍵","学","知","4","2","6","2","8","Super Rare","9.1","解錠試験場","解錠：召喚時、味方1体の封じられた能力を回復する。 / 試験場：ターン終了時、手札が2枚以下なら奇怪+1。"
"018-005","鍵宿題","宿題","鍵","学","知","4","1","6","2","7","Common","7.2","解錠未提出","解錠：召喚時、味方1体の封じられた能力を回復する。 / 未提出：場に残るほど強くなる。自分のターン開始時、体力+1。"
"018-006","鍵校長","校長","鍵","知","知","4","2","7","2","6","Common","8.7","解錠朝礼台","解錠：召喚時、味方1体の封じられた能力を回復する。 / 朝礼台：味方全体の体力+1。ただしこのクリーチャーは速度-1。"
"018-007","鍵コブシ","コブシ","鍵","武","知","4","5","4","3","4","Common","8.7","解錠打撃体","解錠：召喚時、味方1体の封じられた能力を回復する。 / 打撃体：攻撃時、正面の敵に追加1ダメージ。"
"018-008","鍵牙","牙","鍵","武","知","4","5","3","5","4","Common","9.3","解錠鋭牙","解錠：召喚時、味方1体の封じられた能力を回復する。 / 鋭牙：このクリーチャーがダメージを与えた敵は回復できない。"
"018-009","鍵雷","雷","鍵","雷","知","5","5","3","6","6","Common","9.5","解錠帯電体","解錠：召喚時、味方1体の封じられた能力を回復する。 / 帯電体：攻撃を受けたとき、攻撃した相手に1ダメージ。"
"018-010","鍵猫","猫","鍵","獣","知","4","3","3","7","5","Common","9.2","解錠俊敏","解錠：召喚時、味方1体の封じられた能力を回復する。 / 俊敏：最初に受ける攻撃ダメージを1減らす。"
"018-011","鍵犬","犬","鍵","獣","知","4","3","5","5","3","Common","8.2","解錠かばう","解錠：召喚時、味方1体の封じられた能力を回復する。 / かばう：隣の味方が受ける最初のダメージを1肩代わりする。"
"018-012","鍵鬼","鬼","鍵","怪","知","5","6","5","3","7","Rare","11","解錠金棒乱舞","解錠：召喚時、味方1体の封じられた能力を回復する。 / 金棒乱舞：攻撃時、隣の敵にも1ダメージ。"
"018-013","鍵幽霊","幽霊","鍵","影","知","4","2","3","4","9","Super Rare","8.4","解錠未練","解錠：召喚時、味方1体の封じられた能力を回復する。 / 未練：倒されたとき、奇怪が4以上なら手札に戻る。"
"018-014","鍵魔王","魔王","鍵","闇","知","6","6","6","3","7","Rare","10","解錠玉座","解錠：召喚時、味方1体の封じられた能力を回復する。 / 玉座：場にいる味方1体につき攻撃+1。"
"018-015","鍵呪い","呪い","鍵","影","知","4","1","4","2","9","Super Rare","6.6","解錠返り呪","解錠：召喚時、味方1体の封じられた能力を回復する。 / 返り呪：倒されたとき、倒した相手に2ダメージ。"
"018-016","鍵饅頭","饅頭","鍵","食","知","4","2","7","2","5","Common","8","解錠あんこ壁","解錠：召喚時、味方1体の封じられた能力を回復する。 / あんこ壁：このクリーチャーが受ける最初のダメージを2減らす。"
"018-017","鍵鍋","鍋","鍵","食","知","4","2","6","2","6","Common","7.7","解錠鉄鍋","解錠：召喚時、味方1体の封じられた能力を回復する。 / 鉄鍋：受ける攻撃ダメージを1減らす。"
"018-018","鍵鍵","鍵","鍵","知","知","4","2","4","4","6","Common","8.5","解錠鍵穴体","解錠：召喚時、味方1体の封じられた能力を回復する。 / 鍵穴体：このクリーチャーは一度だけ別の上の句と再合成できる。"
"018-019","鍵透明","透明","鍵","影","知","5","3","3","8","8","Super Rare","10.1","解錠見えない本体","解錠：召喚時、味方1体の封じられた能力を回復する。 / 見えない本体：攻撃されるたび、相手は奇怪判定に失敗すると攻撃を外す。"
"018-020","鍵暴走","暴走","鍵","怪","知","6","6","4","7","7","Common","11.2","解錠暴走体","解錠：召喚時、味方1体の封じられた能力を回復する。 / 暴走体：毎ターン必ず攻撃する。攻撃できない場合、自分に2ダメージ。"
"019-001","透明爺","爺","透明","知","影","4","2","4","3","6","Rare","7.3","不意打ち知恵袋","不意打ち：召喚したターン、このクリーチャーは攻撃されにくい。 / 知恵袋：倒されたとき、カードを1枚引く。"
"019-002","透明番長","番長","透明","武","影","5","4","4","5","5","Rare","7.8","不意打ち舎弟呼び","不意打ち：召喚したターン、このクリーチャーは攻撃されにくい。 / 舎弟呼び：召喚時、攻撃1/体力1の舎弟を1体出す。"
"019-003","透明忍者","忍者","透明","影","影","5","3","2","9","7","Rare","10","不意打ち見えざる刃","不意打ち：召喚したターン、このクリーチャーは攻撃されにくい。 / 影分け：速度が相手以上なら、受けるダメージ-1。 / 見えざる刃：最初の攻撃は反撃されない。"
"019-004","透明受験","受験","透明","学","影","5","2","5","3","9","Super Rare","7.6","不意打ち試験場","不意打ち：召喚したターン、このクリーチャーは攻撃されにくい。 / 試験場：ターン終了時、手札が2枚以下なら奇怪+1。"
"019-005","透明宿題","宿題","透明","学","影","4","1","5","3","8","Super Rare","7.7","不意打ち未提出","不意打ち：召喚したターン、このクリーチャーは攻撃されにくい。 / 未提出：場に残るほど強くなる。自分のターン開始時、体力+1。"
"019-006","透明校長","校長","透明","知","影","4","2","6","3","7","Rare","9.2","不意打ち朝礼台","不意打ち：召喚したターン、このクリーチャーは攻撃されにくい。 / 朝礼台：味方全体の体力+1。ただしこのクリーチャーは速度-1。"
"019-007","透明コブシ","コブシ","透明","武","影","4","5","3","4","5","Rare","9.2","不意打ち打撃体","不意打ち：召喚したターン、このクリーチャーは攻撃されにくい。 / 打撃体：攻撃時、正面の敵に追加1ダメージ。"
"019-008","透明牙","牙","透明","武","影","5","5","2","6","5","Rare","7.8","不意打ち鋭牙","不意打ち：召喚したターン、このクリーチャーは攻撃されにくい。 / 鋭牙：このクリーチャーがダメージを与えた敵は回復できない。"
"019-009","透明雷","雷","透明","雷","影","5","5","2","7","7","Rare","10","不意打ち帯電体","不意打ち：召喚したターン、このクリーチャーは攻撃されにくい。 / 帯電体：攻撃を受けたとき、攻撃した相手に1ダメージ。"
"019-010","透明猫","猫","透明","獣","影","5","3","2","8","6","Rare","7.7","不意打ち俊敏","不意打ち：召喚したターン、このクリーチャーは攻撃されにくい。 / 俊敏：最初に受ける攻撃ダメージを1減らす。"
"019-011","透明犬","犬","透明","獣","影","4","3","4","6","4","Rare","8.7","不意打ちかばう","不意打ち：召喚したターン、このクリーチャーは攻撃されにくい。 / かばう：隣の味方が受ける最初のダメージを1肩代わりする。"
"019-012","透明鬼","鬼","透明","怪","影","6","6","4","4","8","Super Rare","9.5","不意打ち金棒乱舞","不意打ち：召喚したターン、このクリーチャーは攻撃されにくい。 / 金棒乱舞：攻撃時、隣の敵にも1ダメージ。"
"019-013","透明幽霊","幽霊","透明","影","影","4","2","2","5","9","Super Rare","8.2","不意打ち未練","不意打ち：召喚したターン、このクリーチャーは攻撃されにくい。 / 未練：倒されたとき、奇怪が4以上なら手札に戻る。"
"019-014","透明魔王","魔王","透明","闇","影","6","6","5","4","8","Super Rare","10.5","不意打ち玉座","不意打ち：召喚したターン、このクリーチャーは攻撃されにくい。 / 玉座：場にいる味方1体につき攻撃+1。"
"019-015","透明呪い","呪い","透明","影","影","4","1","3","3","9","Super Rare","6.4","不意打ち返り呪","不意打ち：召喚したターン、このクリーチャーは攻撃されにくい。 / 返り呪：倒されたとき、倒した相手に2ダメージ。"
"019-016","透明饅頭","饅頭","透明","食","影","4","2","6","3","6","Rare","8.5","不意打ちあんこ壁","不意打ち：召喚したターン、このクリーチャーは攻撃されにくい。 / あんこ壁：このクリーチャーが受ける最初のダメージを2減らす。"
"019-017","透明鍋","鍋","透明","食","影","4","2","5","3","7","Rare","8.2","不意打ち鉄鍋","不意打ち：召喚したターン、このクリーチャーは攻撃されにくい。 / 鉄鍋：受ける攻撃ダメージを1減らす。"
"019-018","透明鍵","鍵","透明","知","影","4","2","3","5","8","Super Rare","9.7","不意打ち鍵穴体","不意打ち：召喚したターン、このクリーチャーは攻撃されにくい。 / 鍵穴体：このクリーチャーは一度だけ別の上の句と再合成できる。"
"019-019","完全透明","透明","透明","影","影","6","3","2","9","9","Mythic","9.4","不意打ち見えざる刃","不意打ち：召喚したターン、このクリーチャーは攻撃されにくい。 / 見えない本体：攻撃されるたび、相手は奇怪判定に失敗すると攻撃を外す。 / 見えざる刃：最初の攻撃は反撃されない。"
"019-020","透明暴走","暴走","透明","怪","影","6","6","3","8","8","Super Rare","11.7","不意打ち暴走体","不意打ち：召喚したターン、このクリーチャーは攻撃されにくい。 / 暴走体：毎ターン必ず攻撃する。攻撃できない場合、自分に2ダメージ。"
"020-001","暴走爺","爺","暴走","知","怪","4","5","4","2","5","Common","10.4","制御不能知恵袋","制御不能：攻撃+2。ただし攻撃後に自分へ1ダメージ。 / 知恵袋：倒されたとき、カードを1枚引く。"
"020-002","暴走番長","番長","暴走","武","怪","5","7","4","4","4","Common","10.9","制御不能舎弟呼び","制御不能：攻撃+2。ただし攻撃後に自分へ1ダメージ。 / 舎弟呼び：召喚時、攻撃1/体力1の舎弟を1体出す。"
"020-003","暴走忍者","忍者","暴走","影","怪","5","6","2","7","5","Common","10.8","制御不能影分け","制御不能：攻撃+2。ただし攻撃後に自分へ1ダメージ。 / 影分け：速度が相手以上なら、受けるダメージ-1。"
"020-004","暴走受験","受験","暴走","学","怪","5","5","5","2","8","Super Rare","10.7","制御不能試験場","制御不能：攻撃+2。ただし攻撃後に自分へ1ダメージ。 / 試験場：ターン終了時、手札が2枚以下なら奇怪+1。"
"020-005","暴走宿題","宿題","暴走","学","怪","5","4","5","2","7","Common","8.8","制御不能未提出","制御不能：攻撃+2。ただし攻撃後に自分へ1ダメージ。 / 未提出：場に残るほど強くなる。自分のターン開始時、体力+1。"
"020-006","暴走校長","校長","暴走","知","怪","5","5","6","2","6","Common","10.3","制御不能朝礼台","制御不能：攻撃+2。ただし攻撃後に自分へ1ダメージ。 / 朝礼台：味方全体の体力+1。ただしこのクリーチャーは速度-1。"
"020-007","暴走コブシ","コブシ","暴走","武","怪","5","8","3","3","4","Common","10.3","制御不能打撃体","制御不能：攻撃+2。ただし攻撃後に自分へ1ダメージ。 / 打撃体：攻撃時、正面の敵に追加1ダメージ。"
"020-008","暴走牙","牙","暴走","武","怪","5","8","2","5","4","Common","10.9","制御不能鋭牙","制御不能：攻撃+2。ただし攻撃後に自分へ1ダメージ。 / 鋭牙：このクリーチャーがダメージを与えた敵は回復できない。"
"020-009","暴走雷","雷","暴走","雷","怪","6","8","2","6","6","Common","11.1","制御不能帯電体","制御不能：攻撃+2。ただし攻撃後に自分へ1ダメージ。 / 帯電体：攻撃を受けたとき、攻撃した相手に1ダメージ。"
"020-010","暴走猫","猫","暴走","獣","怪","5","6","2","7","5","Common","10.8","制御不能俊敏","制御不能：攻撃+2。ただし攻撃後に自分へ1ダメージ。 / 俊敏：最初に受ける攻撃ダメージを1減らす。"
"020-011","暴走犬","犬","暴走","獣","怪","5","6","4","5","3","Common","9.8","制御不能かばう","制御不能：攻撃+2。ただし攻撃後に自分へ1ダメージ。 / かばう：隣の味方が受ける最初のダメージを1肩代わりする。"
"020-012","暴走鬼","鬼","暴走","怪","怪","6","9","4","3","7","Rare","12.6","制御不能金棒乱舞","制御不能：攻撃+2。ただし攻撃後に自分へ1ダメージ。 / 金棒乱舞：攻撃時、隣の敵にも1ダメージ。"
"020-013","暴走幽霊","幽霊","暴走","影","怪","5","5","2","4","9","Super Rare","10","制御不能未練","制御不能：攻撃+2。ただし攻撃後に自分へ1ダメージ。 / 未練：倒されたとき、奇怪が4以上なら手札に戻る。"
"020-014","暴走魔王","魔王","暴走","闇","怪","6","9","5","3","7","Rare","13.6","制御不能玉座","制御不能：攻撃+2。ただし攻撃後に自分へ1ダメージ。 / 玉座：場にいる味方1体につき攻撃+1。"
"020-015","暴走呪い","呪い","暴走","影","怪","4","4","3","2","9","Super Rare","10.2","制御不能返り呪","制御不能：攻撃+2。ただし攻撃後に自分へ1ダメージ。 / 返り呪：倒されたとき、倒した相手に2ダメージ。"
"020-016","暴走饅頭","饅頭","暴走","食","怪","5","5","6","2","5","Common","9.6","制御不能あんこ壁","制御不能：攻撃+2。ただし攻撃後に自分へ1ダメージ。 / あんこ壁：このクリーチャーが受ける最初のダメージを2減らす。"
"020-017","暴走鍋","鍋","暴走","食","怪","5","5","5","2","6","Common","9.3","制御不能鉄鍋","制御不能：攻撃+2。ただし攻撃後に自分へ1ダメージ。 / 鉄鍋：受ける攻撃ダメージを1減らす。"
"020-018","暴走鍵","鍵","暴走","知","怪","5","7","2","4","7","Rare","12.4","制御不能過熱機構","制御不能：攻撃+2。ただし攻撃後に自分へ1ダメージ。 / 鍵穴体：このクリーチャーは一度だけ別の上の句と再合成できる。 / 過熱機構：攻撃後、自分に1ダメージ。"
"020-019","暴走透明","透明","暴走","影","怪","6","6","2","7","9","Super Rare","11.6","制御不能見えない本体","制御不能：攻撃+2。ただし攻撃後に自分へ1ダメージ。 / 見えない本体：攻撃されるたび、相手は奇怪判定に失敗すると攻撃を外す。"
"020-020","大暴走","暴走","暴走","怪","怪","6","9","3","6","7","Mythic","14","制御不能暴走体","制御不能：攻撃+2。ただし攻撃後に自分へ1ダメージ。 / 暴走体：毎ターン必ず攻撃する。攻撃できない場合、自分に2ダメージ。"
